TS,Year,Month,DayOfMon,Hour,Minute,Lat,Lon,Elev,AirT_1pt5m,AirT_2m,AirT_9pt5m,AirT_10m,RH_2m,RH_10m,Pressure_1,Pressure_2,TotalRadn,QuantRadn,WndSpd_Vert,WndSpd_2m_WVc_1,WndSpd_2m_WVc_2,WndSpd_2m_WVc_3,WndSpd_10m_WVc_1,WndSpd_10m_WVc_2,WndSpd_10m_WVc_3
9/20/2016 0:00,2016,9,20,0,0,30.69,-88.2,56.1,22.65,22.75,22.71,23.12,94.6,96,1008.969,1009.009,0.067,-0.467909,0,0.408,0.408,289,0.389,0.389,259.5
9/20/2016 0:01,2016,9,20,0,1,30.69,-88.2,56.1,22.64,22.74,22.72,23.13,94.6,96,1008.968,1009.008,0.033,-0.4010656,0,0.433,0.433,290.1,0.438,0.438,259.4
9/20/2016 0:02,2016,9,20,0,2,30.69,-88.2,56.1,22.65,22.74,22.68,23.05,94.7,96,1008.971,1009.011,0.067,-0.4010679,0,0.524,0.524,289.4,0.508,0.508,259.5
9/20/2016 0:03,2016,9,20,0,3,30.69,-88.2,56.1,22.65,22.74,22.7,23.07,94.7,96.1,1008.989,1009.029,0.033,-0.3342219,0,0.488,0.488,288.3,0.532,0.532,259.6
9/20/2016 0:04,2016,9,20,0,4,30.69,-88.2,56.1,22.65,22.71,22.69,23.07,94.6,96.1,1008.989,1009.029,0.067,-0.4010663,0,0.536,0.536,289,0.511,0.511,259.6
9/20/2016 0:05,2016,9,20,0,5,30.69,-88.2,56.1,22.65,22.72,22.69,23.1,94.7,96.1,1009.025,1009.066,0.033,-0.4679111,0,0.464,0.464,289.4,0.5,0.5,259.6
9/20/2016 0:06,2016,9,20,0,6,30.69,-88.2,56.1,22.64,22.72,22.67,23.06,94.7,96.1,1009.029,1009.069,0.067,-0.3342239,0,0.461,0.461,289.5,0.448,0.448,259.6
9/20/2016 0:07,2016,9,20,0,7,30.69,-88.2,56.1,22.63,22.72,22.66,23.05,94.7,96.1,1009.048,1009.088,0.033,-0.3342225,0,0.397,0.397,289.6,0.418,0.418,259.6
9/20/2016 0:08,2016,9,20,0,8,30.69,-88.2,56.1,22.61,22.7,22.65,23.01,94.6,96.1,1009.048,1009.088,0.033,-0.401067,0,0.448,0.448,289.9,0.369,0.369,259.6
9/20/2016 0:09,2016,9,20,0,9,30.69,-88.2,56.1,22.59,22.67,22.63,23.01,94.6,96.1,1009.044,1009.085,0.067,-0.3342227,0,0.395,0.395,289.9,0.198,0.198,259.6
9/20/2016 0:10,2016,9,20,0,10,30.69,-88.2,56.1,22.58,22.66,22.61,23.01,94.7,96.1,1009.048,1009.068,0,-0.3342243,0,0.34,0.34,289.9,0.212,0.212,259.6
9/20/2016 0:11,2016,9,20,0,11,30.69,-88.2,56.1,22.57,22.67,22.6,22.97,94.7,96.1,1009.049,1009.089,0.033,-0.3342227,0,0.319,0.318,289.8,0.199,0.199,259.6
9/20/2016 0:12,2016,9,20,0,12,30.69,-88.2,56.1,22.55,22.63,22.59,22.97,94.7,96.2,1009.029,1009.069,0.067,-0.4010673,0,0.309,0.309,289.6,0.222,0.222,259.6
9/20/2016 0:13,2016,9,20,0,13,30.69,-88.2,56.1,22.55,22.64,22.58,22.95,94.7,96.2,1009.005,1009.046,0.033,-0.4010675,0,0.304,0.304,289.7,0.232,0.232,259.6
9/20/2016 0:14,2016,9,20,0,14,30.69,-88.2,56.1,22.54,22.62,22.57,22.94,94.7,96.2,1009.007,1009.047,0.067,-0.3342245,0,0.245,0.245,289.4,0.178,0.178,259.6
9/20/2016 0:15,2016,9,20,0,15,30.69,-88.2,56.1,22.52,22.61,22.55,22.94,94.7,96.2,1009.008,1009.068,0,-0.3342229,0,0.261,0.261,289.3,0.274,0.274,259.4
9/20/2016 0:16,2016,9,20,0,16,30.69,-88.2,56.1,22.51,22.59,22.55,22.91,94.8,96.2,1009.008,1009.068,0.033,-0.3342229,0,0.297,0.297,289.1,0.198,0.198,259.2
9/20/2016 0:17,2016,9,20,0,17,30.69,-88.2,56.1,22.49,22.59,22.55,22.93,94.7,96.3,1009.002,1009.063,0.067,-0.334223,0,0.315,0.315,289.2,0.209,0.209,257.6
9/20/2016 0:18,2016,9,20,0,18,30.69,-88.2,56.1,22.49,22.59,22.55,22.93,94.8,96.3,1009.025,1009.065,0.033,-0.4010695,0,0.403,0.403,288.9,0.283,0.283,256.5
9/20/2016 0:19,2016,9,20,0,19,30.69,-88.2,56.1,22.49,22.59,22.55,22.94,94.9,96.3,1009.004,1009.044,0.067,-0.4010659,0,0.292,0.292,288.4,0.253,0.253,256.5
9/20/2016 0:20,2016,9,20,0,20,30.69,-88.2,56.1,22.49,22.59,22.54,22.91,94.9,96.3,1009.024,1009.064,0.033,-0.3342216,0,0.399,0.399,289.4,0.211,0.211,256.5
9/20/2016 0:21,2016,9,20,0,21,30.69,-88.2,56.1,22.48,22.58,22.55,22.96,94.8,96.3,1009.024,1009.104,0.067,-0.3342234,0,0.418,0.418,290,0.248,0.248,256.5
9/20/2016 0:22,2016,9,20,0,22,30.69,-88.2,56.1,22.48,22.56,22.55,22.93,94.9,96.3,1009.027,1009.068,0.033,-0.3342248,0,0.32,0.32,289.2,0.359,0.359,256.5
9/20/2016 0:23,2016,9,20,0,23,30.69,-88.2,56.1,22.48,22.56,22.55,22.96,94.9,96.4,1009.026,1009.067,0.033,-0.3342246,0,0.448,0.448,288.8,0.418,0.418,253.7
9/20/2016 0:24,2016,9,20,0,24,30.69,-88.2,56.1,22.48,22.56,22.55,22.91,94.9,96.3,1009.006,1009.046,0,-0.3342246,0,0.483,0.483,288.7,0.417,0.417,252.9
9/20/2016 0:25,2016,9,20,0,25,30.69,-88.2,56.1,22.49,22.54,22.55,22.93,95,96.4,1009.025,1009.046,0.033,-0.334223,0,0.428,0.428,288.2,0.35,0.35,252.9
9/20/2016 0:26,2016,9,20,0,26,30.69,-88.2,56.1,22.49,22.54,22.54,22.91,95,96.3,1009.027,1009.047,0.033,-0.2673796,0,0.354,0.354,287.9,0.336,0.336,252.9
9/20/2016 0:27,2016,9,20,0,27,30.69,-88.2,56.1,22.48,22.53,22.53,22.91,95,96.4,1009.006,1009.066,0.067,-0.3342229,0,0.372,0.372,288.6,0.302,0.302,252.9
9/20/2016 0:28,2016,9,20,0,28,30.69,-88.2,56.1,22.48,22.55,22.53,22.9,95,96.3,1009.006,1009.046,0.067,-0.3342229,0,0.376,0.376,289.4,0.201,0.201,252.9
9/20/2016 0:29,2016,9,20,0,29,30.69,-88.2,56.1,22.47,22.55,22.52,22.92,95,96.4,1008.963,1009.043,0.067,-0.3342217,0,0.32,0.32,289.9,0.189,0.189,252.9
9/20/2016 0:30,2016,9,20,0,30,30.69,-88.2,56.1,22.46,22.54,22.52,22.91,95,96.4,1008.985,1009.025,0.067,-0.3342235,0,0.238,0.238,289.7,0.041,0.041,252.9
9/20/2016 0:31,2016,9,20,0,31,30.69,-88.2,56.1,22.44,22.54,22.51,22.9,95,96.3,1008.968,1009.028,0.033,-0.3342221,0,0.095,0.095,289.7,0.002,0.002,252.9
9/20/2016 0:32,2016,9,20,0,32,30.69,-88.2,56.1,22.43,22.53,22.48,22.88,95,96.4,1008.968,1008.988,0.033,-0.3342221,0,0.207,0.207,290.1,0.085,0.085,254.6
9/20/2016 0:33,2016,9,20,0,33,30.69,-88.2,56.1,22.42,22.52,22.46,22.82,95,96.4,1008.967,1009.027,0.033,-0.4010652,0,0.286,0.286,290.2,0.234,0.234,254.6
9/20/2016 0:34,2016,9,20,0,34,30.69,-88.2,56.1,22.42,22.49,22.47,22.84,95,96.4,1008.968,1009.028,0.033,-0.3342215,0,0.154,0.154,290.1,0.129,0.129,254.6
9/20/2016 0:35,2016,9,20,0,35,30.69,-88.2,56.1,22.41,22.49,22.46,22.81,95,96.5,1009.009,1009.029,0.033,-0.3342205,0,0.002,0.002,290.1,0.016,0.016,254.6
9/20/2016 0:36,2016,9,20,0,36,30.69,-88.2,56.1,22.4,22.49,22.45,22.84,95,96.4,1009.009,1009.069,0.033,-0.3342205,0,0.002,0.002,290,0.002,0.002,254.5
9/20/2016 0:37,2016,9,20,0,37,30.69,-88.2,56.1,22.39,22.49,22.45,22.83,95,96.5,1009.046,1009.086,0.067,-0.3342198,0,0.002,0.002,290,0.002,0.002,254.5
9/20/2016 0:38,2016,9,20,0,38,30.69,-88.2,56.1,22.38,22.48,22.44,22.82,95,96.5,1009.051,1009.091,0,-0.3342205,0,0.002,0.002,289.8,0.002,0.002,254.5
9/20/2016 0:39,2016,9,20,0,39,30.69,-88.2,56.1,22.37,22.46,22.44,22.86,95,96.5,1009.049,1009.11,0.033,-0.3342198,0,0.002,0.002,289.7,0.002,0.002,254.1
9/20/2016 0:40,2016,9,20,0,40,30.69,-88.2,56.1,22.36,22.48,22.44,22.87,95,96.5,1009.049,1009.09,0.067,-0.3342198,0,0.237,0.237,289.4,0.002,0.002,254.1
9/20/2016 0:41,2016,9,20,0,41,30.69,-88.2,56.1,22.36,22.44,22.44,22.85,95.1,96.5,1009.028,1009.088,0.067,-0.3342192,0,0.263,0.263,289.5,0.002,0.002,253.1
9/20/2016 0:42,2016,9,20,0,42,30.69,-88.2,56.1,22.36,22.45,22.44,22.85,95.1,96.5,1009.051,1009.071,0.033,-0.3342214,0,0.087,0.087,289.7,0.002,0.002,253.3
9/20/2016 0:43,2016,9,20,0,43,30.69,-88.2,56.1,22.35,22.45,22.43,22.83,95.2,96.6,1009.049,1009.089,0.067,-0.3342205,0,0.216,0.216,289.7,0.002,0.002,253.3
9/20/2016 0:44,2016,9,20,0,44,30.69,-88.2,56.1,22.36,22.44,22.43,22.85,95.2,96.5,1009.049,1009.089,0.067,-0.3342205,0,0.18,0.18,289.4,0.002,0.002,252.5
9/20/2016 0:45,2016,9,20,0,45,30.69,-88.2,56.1,22.37,22.47,22.43,22.86,95.2,96.6,1009.048,1009.088,0.033,-0.4010637,0,0.167,0.167,289.3,0.002,0.002,252.5
9/20/2016 0:46,2016,9,20,0,46,30.69,-88.2,56.1,22.36,22.46,22.43,22.83,95.2,96.6,1009.051,1009.111,0.033,-0.3342219,0,0.118,0.118,289.4,0.002,0.002,252.5
9/20/2016 0:47,2016,9,20,0,47,30.69,-88.2,56.1,22.34,22.45,22.43,22.86,95.2,96.6,1009.051,1009.111,0.033,-0.4010651,0,0.098,0.098,289.8,0.002,0.002,252.5
9/20/2016 0:48,2016,9,20,0,48,30.69,-88.2,56.1,22.33,22.44,22.43,22.85,95.2,96.6,1009.071,1009.111,0.033,-0.3342209,0,0.312,0.312,290,0.194,0.194,252.6
9/20/2016 0:49,2016,9,20,0,49,30.69,-88.2,56.1,22.33,22.43,22.43,22.82,95.2,96.6,1009.087,1009.128,0.067,-0.3342186,0,0.387,0.387,290.1,0.325,0.325,252.6
9/20/2016 0:50,2016,9,20,0,50,30.69,-88.2,56.1,22.34,22.43,22.43,22.84,95.2,96.6,1009.111,1009.151,0.067,-0.334221,0,0.433,0.433,291.1,0.363,0.363,252.6
9/20/2016 0:51,2016,9,20,0,51,30.69,-88.2,56.1,22.34,22.43,22.44,22.83,95.3,96.6,1009.091,1009.151,0.033,-0.3342201,0,0.421,0.421,291.7,0.418,0.418,252.6
9/20/2016 0:52,2016,9,20,0,52,30.69,-88.2,56.1,22.35,22.44,22.42,22.83,95.3,96.6,1009.111,1009.171,0.033,-0.2673761,0,0.402,0.402,292.2,0.35,0.349,254.3
9/20/2016 0:53,2016,9,20,0,53,30.69,-88.2,56.1,22.36,22.43,22.41,22.78,95.3,96.6,1009.127,1009.167,0.033,-0.334218,0,0.245,0.245,291.1,0.363,0.362,260
9/20/2016 0:54,2016,9,20,0,54,30.69,-88.2,56.1,22.35,22.44,22.43,22.85,95.3,96.7,1009.088,1009.128,0,-0.3342192,0,0.165,0.165,291.3,0.283,0.283,262
9/20/2016 0:55,2016,9,20,0,55,30.69,-88.2,56.1,22.34,22.44,22.43,22.81,95.3,96.6,1009.089,1009.109,0.067,-0.3342186,0,0.002,0.002,291.3,0.212,0.212,262
9/20/2016 0:56,2016,9,20,0,56,30.69,-88.2,56.1,22.34,22.45,22.43,22.81,95.3,96.8,1009.069,1009.109,0.033,-0.4010624,0,0.101,0.101,291.4,0.15,0.15,261.8
9/20/2016 0:57,2016,9,20,0,57,30.69,-88.2,56.1,22.33,22.44,22.42,22.82,95.3,96.7,1009.066,1009.106,0,-0.3342182,0,0.289,0.289,291.7,0.273,0.273,260.9
9/20/2016 0:58,2016,9,20,0,58,30.69,-88.2,56.1,22.34,22.41,22.41,22.78,95.3,96.7,1009.067,1009.107,0.033,-0.4010649,0,0.278,0.278,292,0.237,0.237,260.7
9/20/2016 0:59,2016,9,20,0,59,30.69,-88.2,56.1,22.33,22.43,22.41,22.8,95.3,96.8,1009.048,1009.108,0.033,-0.3342199,0,0.312,0.312,291.9,0.338,0.338,259.5
9/20/2016 1:00,2016,9,20,1,0,30.69,-88.2,56.1,22.32,22.41,22.4,22.8,95.3,96.8,1009.088,1009.108,0.033,-0.3342199,0,0.304,0.304,291.8,0.232,0.232,259.4
9/20/2016 1:01,2016,9,20,1,1,30.69,-88.2,56.1,22.31,22.4,22.39,22.76,95.3,96.8,1009.067,1009.087,0.033,-0.2673754,0,0.237,0.237,291.9,0.201,0.201,259.4
9/20/2016 1:02,2016,9,20,1,2,30.69,-88.2,56.1,22.31,22.41,22.38,22.76,95.4,96.8,1009.05,1009.11,0,-0.3342201,0,0.18,0.18,291.9,0.193,0.193,259.4
9/20/2016 1:03,2016,9,20,1,3,30.69,-88.2,56.1,22.29,22.4,22.37,22.77,95.3,96.8,1009.051,1009.111,0.067,-0.334218,0,0.114,0.114,292,0.204,0.204,259.4
9/20/2016 1:04,2016,9,20,1,4,30.69,-88.2,56.1,22.29,22.39,22.37,22.77,95.4,96.8,1009.071,1009.091,0.033,-0.334218,0,0.271,0.271,292,0.253,0.253,259.4
9/20/2016 1:05,2016,9,20,1,5,30.69,-88.2,56.1,22.28,22.38,22.36,22.76,95.4,96.8,1009.087,1009.107,0.033,-0.3342192,0,0.24,0.24,292,0.27,0.269,259.4
9/20/2016 1:06,2016,9,20,1,6,30.69,-88.2,56.1,22.27,22.38,22.36,22.75,95.4,96.8,1009.068,1009.108,0.067,-0.3342214,0,0.204,0.204,292.1,0.291,0.291,259.5
9/20/2016 1:07,2016,9,20,1,7,30.69,-88.2,56.1,22.26,22.36,22.35,22.7,95.4,96.8,1009.069,1009.109,0.067,-0.3342191,0,0.296,0.296,292.2,0.322,0.322,259.5
9/20/2016 1:08,2016,9,20,1,8,30.69,-88.2,56.1,22.26,22.36,22.34,22.73,95.4,96.8,1009.089,1009.129,0.033,-0.2673753,0,0.323,0.323,292.4,0.209,0.209,259.5
9/20/2016 1:09,2016,9,20,1,9,30.69,-88.2,56.1,22.26,22.36,22.33,22.74,95.4,96.8,1009.07,1009.13,0.067,-0.3342172,0,0.24,0.24,292.6,0.181,0.181,259.5
9/20/2016 1:10,2016,9,20,1,10,30.69,-88.2,56.1,22.26,22.36,22.32,22.71,95.4,96.9,1009.113,1009.133,0.067,-0.3342199,0,0.178,0.178,292.5,0.002,0.002,259.5
9/20/2016 1:11,2016,9,20,1,11,30.69,-88.2,56.1,22.25,22.33,22.31,22.72,95.4,96.8,1009.093,1009.133,0.067,-0.3342178,0,0.003,0.003,292.5,0.002,0.002,259.5
9/20/2016 1:12,2016,9,20,1,12,30.69,-88.2,56.1,22.24,22.32,22.3,22.68,95.4,96.8,1009.093,1009.133,0.033,-0.3342178,0,0.002,0.002,292.4,0.002,0.002,259.5
9/20/2016 1:13,2016,9,20,1,13,30.69,-88.2,56.1,22.23,22.33,22.29,22.71,95.4,96.9,1009.088,1009.149,0.033,-0.3342162,0,0.002,0.002,292.1,0.002,0.002,259.5
9/20/2016 1:14,2016,9,20,1,14,30.69,-88.2,56.1,22.23,22.32,22.29,22.71,95.4,96.9,1009.091,1009.131,0.033,-0.3342177,0,0.002,0.002,292.1,0.002,0.002,259.5
9/20/2016 1:15,2016,9,20,1,15,30.69,-88.2,56.1,22.22,22.32,22.29,22.7,95.4,96.9,1009.092,1009.152,0,-0.3342161,0,0.002,0.002,291.9,0.002,0.002,259.5
9/20/2016 1:16,2016,9,20,1,16,30.69,-88.2,56.1,22.21,22.3,22.28,22.7,95.5,96.9,1009.112,1009.152,0.033,-0.3342161,0,0.002,0.002,292,0.002,0.002,259.5
9/20/2016 1:17,2016,9,20,1,17,30.69,-88.2,56.1,22.2,22.3,22.28,22.7,95.4,96.9,1009.085,1009.126,0.033,-0.3342148,0,0.002,0.002,292.1,0.002,0.002,259.5
9/20/2016 1:18,2016,9,20,1,18,30.69,-88.2,56.1,22.2,22.3,22.27,22.67,95.5,96.9,1009.089,1009.129,0.033,-0.3342166,0,0.025,0.025,291.9,0.002,0.002,259.5
9/20/2016 1:19,2016,9,20,1,19,30.69,-88.2,56.1,22.2,22.3,22.27,22.69,95.5,96.9,1009.05,1009.11,0.067,-0.3342152,0,0.116,0.116,291.9,0.002,0.002,259.5
9/20/2016 1:20,2016,9,20,1,20,30.69,-88.2,56.1,22.2,22.29,22.27,22.68,95.5,96.9,1009.07,1009.11,0.067,-0.3342152,0,0.219,0.219,291.8,0.002,0.002,259.5
9/20/2016 1:21,2016,9,20,1,21,30.69,-88.2,56.1,22.19,22.28,22.27,22.68,95.5,96.9,1009.046,1009.086,0.033,-0.3342155,0,0.284,0.284,291.7,0.002,0.002,259.5
9/20/2016 1:22,2016,9,20,1,22,30.69,-88.2,56.1,22.18,22.28,22.27,22.66,95.5,96.9,1009.029,1009.09,0.033,-0.3342171,0,0.338,0.338,291.8,0.002,0.002,259.5
9/20/2016 1:23,2016,9,20,1,23,30.69,-88.2,56.1,22.19,22.26,22.27,22.69,95.5,97,1009.05,1009.09,0.033,-0.3342156,0,0.281,0.281,291.8,0.168,0.168,259.5
9/20/2016 1:24,2016,9,20,1,24,30.69,-88.2,56.1,22.2,22.3,22.27,22.66,95.6,96.9,1009.05,1009.09,0.033,-0.3342156,0,0.248,0.248,291.9,0.361,0.361,259.5
9/20/2016 1:25,2016,9,20,1,25,30.69,-88.2,56.1,22.19,22.27,22.27,22.65,95.6,97,1009.048,1009.089,0.033,-0.3342144,0,0.301,0.301,291.6,0.35,0.35,259.5
9/20/2016 1:26,2016,9,20,1,26,30.69,-88.2,56.1,22.2,22.29,22.26,22.66,95.6,97,1009.092,1009.112,0.033,-0.3342162,0,0.323,0.323,291.5,0.301,0.301,259.4
9/20/2016 1:27,2016,9,20,1,27,30.69,-88.2,56.1,22.19,22.28,22.25,22.63,95.5,97,1009.092,1009.132,0,-0.3342149,0,0.245,0.245,291.3,0.273,0.273,260.1
9/20/2016 1:28,2016,9,20,1,28,30.69,-88.2,56.1,22.19,22.28,22.23,22.6,95.6,97,1009.092,1009.152,0.033,-0.3342149,0,0.181,0.181,291.4,0.248,0.248,261.1
9/20/2016 1:29,2016,9,20,1,29,30.69,-88.2,56.1,22.19,22.27,22.22,22.63,95.6,97,1009.088,1009.128,0.033,-0.3342139,0,0.113,0.113,292,0.203,0.203,261.1
9/20/2016 1:30,2016,9,20,1,30,30.69,-88.2,56.1,22.18,22.29,22.22,22.65,95.6,97,1009.091,1009.131,0.033,-0.3342144,0,0.291,0.291,292.2,0.212,0.212,261.1
9/20/2016 1:31,2016,9,20,1,31,30.69,-88.2,56.1,22.18,22.28,22.21,22.61,95.6,97.1,1009.089,1009.149,0,-0.3342135,0,0.106,0.106,292.2,0.217,0.217,261
9/20/2016 1:32,2016,9,20,1,32,30.69,-88.2,56.1,22.17,22.24,22.21,22.6,95.6,97,1009.089,1009.129,0.067,-0.2673708,0,0.175,0.175,292.1,0.054,0.054,261
9/20/2016 1:33,2016,9,20,1,33,30.69,-88.2,56.1,22.16,22.25,22.2,22.6,95.6,97.1,1009.088,1009.128,0.033,-0.2673702,0,0.087,0.087,292.1,0.002,0.002,261
9/20/2016 1:34,2016,9,20,1,34,30.69,-88.2,56.1,22.15,22.27,22.19,22.58,95.6,97.1,1009.071,1009.151,0.033,-0.3342163,0,0.002,0.002,292.1,0.002,0.002,261
9/20/2016 1:35,2016,9,20,1,35,30.69,-88.2,56.1,22.13,22.24,22.19,22.58,95.6,97,1009.093,1009.133,0.033,-0.2673731,0,0.052,0.052,292.2,0.002,0.002,261
9/20/2016 1:36,2016,9,20,1,36,30.69,-88.2,56.1,22.13,22.22,22.19,22.59,95.6,97.1,1009.093,1009.133,0.033,-0.2673731,0,0.047,0.047,292.2,0.002,0.002,260.6
9/20/2016 1:37,2016,9,20,1,37,30.69,-88.2,56.1,22.12,22.23,22.18,22.6,95.6,97.1,1009.049,1009.109,0.033,-0.3342178,0,0.002,0.002,292.1,0.002,0.002,260.6
9/20/2016 1:38,2016,9,20,1,38,30.69,-88.2,56.1,22.11,22.2,22.18,22.57,95.6,97.1,1009.052,1009.092,0.067,-0.3342204,0,0.002,0.002,292,0.002,0.002,260.6
9/20/2016 1:39,2016,9,20,1,39,30.69,-88.2,56.1,22.1,22.21,22.18,22.56,95.6,97.1,1009.034,1009.094,0.033,-0.3342182,0,0.002,0.002,292.1,0.002,0.002,260.6
9/20/2016 1:40,2016,9,20,1,40,30.69,-88.2,56.1,22.1,22.2,22.18,22.59,95.6,97.1,1009.054,1009.094,0.033,-0.3342182,0,0.002,0.002,292,0.002,0.002,260.6
9/20/2016 1:41,2016,9,20,1,41,30.69,-88.2,56.1,22.1,22.18,22.17,22.57,95.6,97.1,1009.049,1009.11,0.067,-0.3342179,0,0.002,0.002,291.6,0.002,0.002,260.6
9/20/2016 1:42,2016,9,20,1,42,30.69,-88.2,56.1,22.09,22.19,22.17,22.56,95.6,97.1,1009.052,1009.112,0.033,-0.334219,0,0.002,0.002,291.3,0.002,0.002,260.6
9/20/2016 1:43,2016,9,20,1,43,30.69,-88.2,56.1,22.1,22.18,22.16,22.57,95.7,97.1,1009.072,1009.092,0.033,-0.3342186,0,0.134,0.134,291.5,0.002,0.002,260.6
9/20/2016 1:44,2016,9,20,1,44,30.69,-88.2,56.1,22.1,22.18,22.16,22.58,95.7,97.1,1009.072,1009.113,0.033,-0.3342186,0,0.183,0.183,291.5,0.002,0.002,259.7
9/20/2016 1:45,2016,9,20,1,45,30.69,-88.2,56.1,22.13,22.2,22.15,22.54,95.7,97.1,1009.05,1009.09,0.033,-0.3342168,0,0.252,0.252,291.4,0.002,0.002,259.2
9/20/2016 1:46,2016,9,20,1,46,30.69,-88.2,56.1,22.14,22.21,22.15,22.5,95.8,97.1,1009.051,1009.091,0.033,-0.3342167,0,0.335,0.335,291.2,0.002,0.002,259.2
9/20/2016 1:47,2016,9,20,1,47,30.69,-88.2,56.1,22.15,22.2,22.16,22.55,95.7,97.1,1009.051,1009.091,0.033,-0.3342153,0,0.408,0.408,291.5,0.203,0.203,259.6
9/20/2016 1:48,2016,9,20,1,48,30.69,-88.2,56.1,22.13,22.21,22.17,22.57,95.7,97.1,1009.051,1009.071,0.033,-0.3342153,0,0.4,0.4,291.6,0.475,0.475,259.6
9/20/2016 1:49,2016,9,20,1,49,30.69,-88.2,56.1,22.13,22.19,22.14,22.53,95.7,97.1,1009.049,1009.089,0.033,-0.3342156,0,0.457,0.457,291,0.469,0.469,259.6
9/20/2016 1:50,2016,9,20,1,50,30.69,-88.2,56.1,22.15,22.21,22.14,22.54,95.7,97.1,1009.032,1009.092,0.067,-0.3342172,0,0.405,0.405,290.3,0.434,0.434,260
9/20/2016 1:51,2016,9,20,1,51,30.69,-88.2,56.1,22.15,22.22,22.15,22.54,95.7,97.1,1009.012,1009.072,0.067,-0.3342143,0,0.426,0.426,290.4,0.402,0.402,260.7
9/20/2016 1:52,2016,9,20,1,52,30.69,-88.2,56.1,22.15,22.2,22.14,22.52,95.7,97,1009.012,1009.052,0.033,-0.3342143,0,0.34,0.34,290.9,0.381,0.38,262.1
9/20/2016 1:53,2016,9,20,1,53,30.69,-88.2,56.1,22.14,22.22,22.13,22.52,95.7,97,1009.01,1009.05,0.033,-0.3342133,0,0.234,0.234,291.7,0.297,0.297,264.7
9/20/2016 1:54,2016,9,20,1,54,30.69,-88.2,56.1,22.13,22.22,22.13,22.53,95.7,97.1,1008.992,1009.033,0.033,-0.3342126,0,0.225,0.225,292,0.134,0.134,265.2
9/20/2016 1:55,2016,9,20,1,55,30.69,-88.2,56.1,22.12,22.19,22.12,22.5,95.7,97.1,1008.97,1009.01,0.033,-0.334212,0,0.235,0.235,291.9,0.016,0.016,265.2
9/20/2016 1:56,2016,9,20,1,56,30.69,-88.2,56.1,22.11,22.19,22.12,22.5,95.7,97.1,1008.97,1009.01,0.033,-0.334212,0,0.221,0.22,291.8,0.002,0.002,265.2
9/20/2016 1:57,2016,9,20,1,57,30.69,-88.2,56.1,22.09,22.17,22.13,22.56,95.6,97.1,1008.969,1009.009,0.033,-0.3342116,0,0.101,0.101,291.8,0.002,0.002,265.2
9/20/2016 1:58,2016,9,20,1,58,30.69,-88.2,56.1,22.08,22.17,22.13,22.55,95.6,97,1008.971,1009.012,0.033,-0.3342126,0,0.002,0.002,291.8,0.002,0.002,265.2
9/20/2016 1:59,2016,9,20,1,59,30.69,-88.2,56.1,22.06,22.15,22.12,22.52,95.6,97.1,1008.972,1009.012,0.033,-0.2673696,0,0.002,0.002,291.8,0.002,0.002,265.1
9/20/2016 2:00,2016,9,20,2,0,30.69,-88.2,56.1,22.05,22.15,22.11,22.55,95.6,97.1,1008.972,1009.012,0.033,-0.2673696,0,0.002,0.002,292.1,0.002,0.002,265.1
9/20/2016 2:01,2016,9,20,2,1,30.69,-88.2,56.1,22.04,22.14,22.09,22.49,95.6,97,1008.95,1008.99,0.033,-0.3342116,0,0.002,0.002,291.9,0.002,0.002,265.1
9/20/2016 2:02,2016,9,20,2,2,30.69,-88.2,56.1,22.02,22.1,22.08,22.48,95.6,97,1008.934,1008.995,0.033,-0.3342125,0,0.002,0.002,291.8,0.002,0.002,265.1
9/20/2016 2:03,2016,9,20,2,3,30.69,-88.2,56.1,22.02,22.14,22.09,22.52,95.7,97,1008.972,1009.012,0.033,-0.3342134,0,0.002,0.002,291.4,0.002,0.002,263.4
9/20/2016 2:04,2016,9,20,2,4,30.69,-88.2,56.1,22.01,22.11,22.09,22.52,95.7,97,1008.972,1009.012,0.033,-0.3342134,0,0.002,0.002,291.5,0.002,0.002,263.4
9/20/2016 2:05,2016,9,20,2,5,30.69,-88.2,56.1,22.01,22.11,22.1,22.53,95.7,97,1008.97,1009.01,0.067,-0.334214,0,0.002,0.002,291.5,0.002,0.002,263.4
9/20/2016 2:06,2016,9,20,2,6,30.69,-88.2,56.1,22.02,22.1,22.12,22.53,95.7,97,1008.99,1009.031,0.033,-0.3342159,0,0.002,0.002,291.2,0.353,0.353,226.9
9/20/2016 2:07,2016,9,20,2,7,30.69,-88.2,56.1,22.04,22.14,22.12,22.55,95.8,96.9,1008.969,1009.029,0.033,-0.3342147,0,0.002,0.002,291,0.217,0.217,226.8
9/20/2016 2:08,2016,9,20,2,8,30.69,-88.2,56.1,22.03,22.12,22.12,22.53,95.8,96.9,1009.009,1009.029,0.033,-0.2673717,0,0.109,0.109,291.8,0.002,0.002,226.8
9/20/2016 2:09,2016,9,20,2,9,30.69,-88.2,56.1,22.03,22.13,22.11,22.5,95.8,96.8,1009.007,1009.047,0.067,-0.2673709,0,0.098,0.098,291.8,0.034,0.034,227
9/20/2016 2:10,2016,9,20,2,10,30.69,-88.2,56.1,22.02,22.13,22.12,22.52,95.7,96.9,1009.01,1009.071,0.067,-0.3342128,0,0.002,0.002,291.8,0.263,0.263,227
9/20/2016 2:11,2016,9,20,2,11,30.69,-88.2,56.1,22.03,22.12,22.13,22.55,95.8,96.9,1009.011,1009.071,0.033,-0.3342122,0,0.171,0.171,291.8,0.065,0.065,227
9/20/2016 2:12,2016,9,20,2,12,30.69,-88.2,56.1,22.02,22.12,22.12,22.52,95.8,96.8,1009.031,1009.071,0.033,-0.3342122,0,0.013,0.013,291.8,0.002,0.002,227
9/20/2016 2:13,2016,9,20,2,13,30.69,-88.2,56.1,22.01,22.09,22.13,22.52,95.7,96.8,1009.049,1009.089,0.033,-0.3342117,0,0.096,0.096,291.6,0.002,0.002,227
9/20/2016 2:14,2016,9,20,2,14,30.69,-88.2,56.1,22.01,22.11,22.12,22.55,95.7,96.8,1009.032,1009.072,0.033,-0.2673701,0,0.245,0.245,291.5,0.002,0.002,227
9/20/2016 2:15,2016,9,20,2,15,30.69,-88.2,56.1,22.01,22.1,22.13,22.55,95.7,96.9,1009.01,1009.07,0.067,-0.3342107,0,0.207,0.207,291.5,0.002,0.002,227
9/20/2016 2:16,2016,9,20,2,16,30.69,-88.2,56.1,22.02,22.11,22.12,22.52,95.8,96.8,1009.03,1009.05,0.067,-0.3342107,0,0.232,0.232,291.4,0.002,0.002,227
9/20/2016 2:17,2016,9,20,2,17,30.69,-88.2,56.1,22.02,22.1,22.11,22.53,95.7,96.8,1008.988,1009.028,0,-0.3342119,0,0.268,0.268,291.1,0.225,0.225,227
9/20/2016 2:18,2016,9,20,2,18,30.69,-88.2,56.1,22.03,22.13,22.1,22.49,95.7,96.8,1008.971,1009.011,0.033,-0.3342142,0,0.278,0.278,291.4,0.145,0.145,227
9/20/2016 2:19,2016,9,20,2,19,30.69,-88.2,56.1,22.03,22.12,22.1,22.49,95.7,96.7,1008.969,1009.009,0.033,-0.3342147,0,0.175,0.175,291.5,0.002,0.002,227
9/20/2016 2:20,2016,9,20,2,20,30.69,-88.2,56.1,22.03,22.12,22.1,22.54,95.7,96.7,1008.949,1008.989,0,-0.2673718,0,0.266,0.266,291.2,0.245,0.245,227
9/20/2016 2:21,2016,9,20,2,21,30.69,-88.2,56.1,22.04,22.12,22.09,22.51,95.8,96.6,1008.968,1008.988,0.067,-0.3342123,0,0.069,0.069,291.1,0.263,0.263,227
9/20/2016 2:22,2016,9,20,2,22,30.69,-88.2,56.1,22.05,22.13,22.09,22.51,95.7,96.6,1008.969,1009.009,0.033,-0.3342131,0,0.002,0.002,290.8,0.235,0.235,227
9/20/2016 2:23,2016,9,20,2,23,30.69,-88.2,56.1,22.07,22.14,22.1,22.53,95.7,96.6,1008.969,1009.009,0.033,-0.3342111,0,0.002,0.002,290.8,0.098,0.098,227
9/20/2016 2:24,2016,9,20,2,24,30.69,-88.2,56.1,22.07,22.14,22.1,22.56,95.7,96.6,1009.009,1009.03,0.067,-0.3342111,0,0.011,0.011,290.7,0.028,0.028,227
9/20/2016 2:25,2016,9,20,2,25,30.69,-88.2,56.1,22.08,22.12,22.11,22.55,95.7,96.6,1008.986,1009.026,0.033,-0.3342108,0,0.206,0.206,290.4,0.247,0.247,227
9/20/2016 2:26,2016,9,20,2,26,30.69,-88.2,56.1,22.07,22.13,22.11,22.55,95.6,96.5,1009.047,1009.067,0.033,-0.3342105,0,0.354,0.354,290.8,0.015,0.015,227
9/20/2016 2:27,2016,9,20,2,27,30.69,-88.2,56.1,22.06,22.12,22.08,22.5,95.6,96.4,1009.028,1009.068,0.067,-0.2673672,0,0.312,0.312,290.9,0.127,0.127,227.2
9/20/2016 2:28,2016,9,20,2,28,30.69,-88.2,56.1,22.06,22.12,22.1,22.55,95.6,96.4,1009.048,1009.089,0.033,-0.2673672,0,0.307,0.307,290.9,0.237,0.237,228.2
9/20/2016 2:29,2016,9,20,2,29,30.69,-88.2,56.1,22.07,22.12,22.11,22.52,95.6,96.4,1009.067,1009.107,0,-0.2673684,0,0.322,0.322,290.7,0.256,0.256,228.6
9/20/2016 2:30,2016,9,20,2,30,30.69,-88.2,56.1,22.06,22.14,22.1,22.53,95.5,96.3,1009.05,1009.09,0.033,-0.3342117,0,0.292,0.292,290.8,0.301,0.3,232.9
9/20/2016 2:31,2016,9,20,2,31,30.69,-88.2,56.1,22.05,22.11,22.08,22.48,95.5,96.2,1009.053,1009.093,0.033,-0.3342099,0,0.413,0.413,291.3,0.214,0.214,236.1
9/20/2016 2:32,2016,9,20,2,32,30.69,-88.2,56.1,22.04,22.11,22.09,22.51,95.4,96.2,1009.053,1009.093,0,-0.3342099,0,0.461,0.461,291.2,0.417,0.416,242.8
9/20/2016 2:33,2016,9,20,2,33,30.69,-88.2,56.1,22.05,22.11,22.11,22.5,95.5,96.2,1009.049,1009.109,0,-0.2673668,0,0.35,0.35,290.6,0.417,0.416,244.5
9/20/2016 2:34,2016,9,20,2,34,30.69,-88.2,56.1,22.06,22.13,22.13,22.55,95.5,96.3,1009.072,1009.092,0.067,-0.3342087,0,0.35,0.35,290.7,0.359,0.359,256.8
9/20/2016 2:35,2016,9,20,2,35,30.69,-88.2,56.1,22.05,22.13,22.13,22.55,95.5,96.3,1009.052,1009.112,0.033,-0.3342089,0,0.336,0.336,291,0.276,0.276,244.1
9/20/2016 2:36,2016,9,20,2,36,30.69,-88.2,56.1,22.04,22.12,22.08,22.51,95.5,96.2,1009.072,1009.112,0.033,-0.2673671,0,0.253,0.253,294.4,0.149,0.149,267.8
9/20/2016 2:37,2016,9,20,2,37,30.69,-88.2,56.1,22.03,22.12,22.08,22.5,95.5,96.3,1009.068,1009.068,0,-0.334209,0,0.132,0.132,294.2,0.175,0.175,269
9/20/2016 2:38,2016,9,20,2,38,30.69,-88.2,56.1,22.01,22.1,22.06,22.47,95.4,96.2,1009.053,1009.113,0.033,-0.3342105,0,0.289,0.289,294.1,0.02,0.02,267.3
9/20/2016 2:39,2016,9,20,2,39,30.69,-88.2,56.1,22,22.08,22.06,22.5,95.4,96.2,1009.053,1009.113,0.067,-0.334209,0,0.225,0.225,316.6,0.002,0.002,265.6
9/20/2016 2:40,2016,9,20,2,40,30.69,-88.2,56.1,21.99,22.06,22.07,22.53,95.4,96.2,1009.033,1009.073,0.033,-0.334209,0,0.144,0.144,315.2,0.129,0.129,257.4
9/20/2016 2:41,2016,9,20,2,41,30.69,-88.2,56.1,21.97,22.05,22.07,22.51,95.3,96.2,1009.051,1009.091,0.033,-0.2673662,0,0.186,0.186,315.2,0.007,0.007,259.2
9/20/2016 2:42,2016,9,20,2,42,30.69,-88.2,56.1,21.95,22.03,22.06,22.5,95.3,96.1,1009.055,1009.095,0,-0.2673665,0,0.002,0.002,315.2,0.002,0.002,259.1
9/20/2016 2:43,2016,9,20,2,43,30.69,-88.2,56.1,21.93,22.04,22.07,22.51,95.3,96.2,1009.053,1009.113,0,-0.2673667,0,0.167,0.167,315.1,0.005,0.005,258.6
9/20/2016 2:44,2016,9,20,2,44,30.69,-88.2,56.1,21.92,22,22.06,22.48,95.3,96.1,1009.093,1009.093,0.033,-0.3342084,0,0.183,0.183,315.1,0.002,0.002,258.6
9/20/2016 2:45,2016,9,20,2,45,30.69,-88.2,56.1,21.91,22.02,22.04,22.51,95.3,96.2,1009.048,1009.129,0.033,-0.2673669,0,0.077,0.077,315.3,0.002,0.002,258.6
9/20/2016 2:46,2016,9,20,2,46,30.69,-88.2,56.1,21.9,22,22.01,22.46,95.3,96.1,1009.092,1009.132,0.033,-0.3342089,0,0.002,0.002,315.3,0.002,0.002,258.6
9/20/2016 2:47,2016,9,20,2,47,30.69,-88.2,56.1,21.88,22,21.98,22.4,95.3,96.1,1009.088,1009.148,0.033,-0.2673672,0,0.002,0.002,315.4,0.002,0.002,258.6
9/20/2016 2:48,2016,9,20,2,48,30.69,-88.2,56.1,21.87,21.98,21.98,22.41,95.4,96.1,1009.128,1009.168,0.033,-0.334209,0,0.002,0.002,315.4,0.002,0.002,258.7
9/20/2016 2:49,2016,9,20,2,49,30.69,-88.2,56.1,21.86,21.98,21.96,22.36,95.4,96.1,1009.122,1009.162,0.033,-1.136306,0,0.002,0.002,315.4,0.002,0.002,258.7
9/20/2016 2:50,2016,9,20,2,50,30.69,-88.2,56.1,21.85,21.97,21.96,22.39,95.4,96.1,1009.109,1009.149,0.067,-0.8021028,0,0.002,0.002,315.4,0.002,0.002,258.7
9/20/2016 2:51,2016,9,20,2,51,30.69,-88.2,56.1,21.83,21.96,21.95,22.4,95.4,96.2,1009.087,1009.148,0.067,-0.735261,0,0.002,0.002,315.5,0.002,0.002,258.7
9/20/2016 2:52,2016,9,20,2,52,30.69,-88.2,56.1,21.83,21.95,21.94,22.36,95.4,96.1,1009.087,1009.148,0.067,-0.6015772,0,0.031,0.031,315.1,0.002,0.002,258.6
9/20/2016 2:53,2016,9,20,2,53,30.69,-88.2,56.1,21.8,21.94,21.94,22.38,95.3,96.2,1009.084,1009.144,0.067,-0.6015747,0,0.003,0.003,315.1,0.002,0.002,258.6
9/20/2016 2:54,2016,9,20,2,54,30.69,-88.2,56.1,21.8,21.93,21.92,22.34,95.4,96.2,1009.088,1009.168,0.067,-0.5347357,0,0.002,0.002,315.3,0.002,0.002,258.6
9/20/2016 2:55,2016,9,20,2,55,30.69,-88.2,56.1,21.79,21.9,21.91,22.37,95.4,96.2,1009.087,1009.147,0.033,-0.5347335,0,0.002,0.002,315.5,0.002,0.002,258.6
9/20/2016 2:56,2016,9,20,2,56,30.69,-88.2,56.1,21.78,21.89,21.91,22.32,95.4,96.2,1009.087,1009.107,0,-0.4678918,0,0.002,0.002,315.3,0.002,0.002,258.6
9/20/2016 2:57,2016,9,20,2,57,30.69,-88.2,56.1,21.77,21.89,21.92,22.33,95.4,96.3,1009.064,1009.104,0.033,-0.4678921,0,0.137,0.137,315.2,0.002,0.002,258.6
9/20/2016 2:58,2016,9,20,2,58,30.69,-88.2,56.1,21.77,21.89,21.92,22.32,95.4,96.3,1009.045,1009.106,0.033,-0.4678924,0,0.189,0.189,314.5,0.002,0.002,257.2
9/20/2016 2:59,2016,9,20,2,59,30.69,-88.2,56.1,21.77,21.88,21.9,22.31,95.5,96.2,1009.045,1009.085,0.033,-0.4678907,0,0.23,0.23,310.7,0.002,0.002,257.2
9/20/2016 3:00,2016,9,20,3,0,30.69,-88.2,56.1,21.78,21.91,21.9,22.27,95.5,96.3,1009.045,1009.085,0.067,-0.4678907,0,0.33,0.33,310.1,0.002,0.002,257.2
9/20/2016 3:01,2016,9,20,3,1,30.69,-88.2,56.1,21.79,21.88,21.9,22.32,95.4,96.3,1009.042,1009.082,0.033,-0.4010496,0,0.351,0.351,308.1,0.033,0.033,257.1
9/20/2016 3:02,2016,9,20,3,2,30.69,-88.2,56.1,21.79,21.88,21.92,22.29,95.4,96.4,1009.046,1009.107,0.033,-0.4010517,0,0.364,0.364,308,0.289,0.289,257.1
9/20/2016 3:03,2016,9,20,3,3,30.69,-88.2,56.1,21.78,21.89,21.92,22.34,95.5,96.4,1009.088,1009.108,0.033,-0.4010516,0,0.287,0.287,308.4,0.286,0.286,257.1
9/20/2016 3:04,2016,9,20,3,4,30.69,-88.2,56.1,21.78,21.88,21.91,22.27,95.5,96.3,1009.088,1009.128,0.067,-0.4010516,0,0.204,0.204,308.4,0.227,0.227,257.2
9/20/2016 3:05,2016,9,20,3,5,30.69,-88.2,56.1,21.79,21.87,21.9,22.32,95.4,96.3,1009.104,1009.145,0.033,-0.40105,0,0.328,0.328,308.5,0.194,0.194,258.4
9/20/2016 3:06,2016,9,20,3,6,30.69,-88.2,56.1,21.78,21.88,21.87,22.25,95.5,96.2,1009.11,1009.151,0.033,-0.3342086,0,0.243,0.243,308.4,0.078,0.078,258.5
9/20/2016 3:07,2016,9,20,3,7,30.69,-88.2,56.1,21.78,21.85,21.85,22.22,95.5,96.3,1009.129,1009.169,0.033,-0.4010505,0,0.237,0.237,308.6,0.002,0.002,258.6
9/20/2016 3:08,2016,9,20,3,8,30.69,-88.2,56.1,21.78,21.85,21.84,22.21,95.5,96.3,1009.089,1009.149,0.033,-0.3342088,0,0.025,0.025,308.7,0.002,0.002,258.6
9/20/2016 3:09,2016,9,20,3,9,30.69,-88.2,56.1,21.76,21.87,21.82,22.26,95.4,96.2,1009.125,1009.146,0.067,-0.3342076,0,0.002,0.002,308.8,0.002,0.002,258.6
9/20/2016 3:10,2016,9,20,3,10,30.69,-88.2,56.1,21.74,21.84,21.83,22.25,95.4,96.2,1009.111,1009.171,0.033,-0.4010512,0,0.002,0.002,308.8,0.002,0.002,258.5
9/20/2016 3:11,2016,9,20,3,11,30.69,-88.2,56.1,21.72,21.84,21.83,22.27,95.4,96.2,1009.089,1009.17,0.033,-0.3342108,0,0.002,0.002,308.9,0.002,0.002,258.5
9/20/2016 3:12,2016,9,20,3,12,30.69,-88.2,56.1,21.71,21.82,21.81,22.23,95.4,96.2,1009.109,1009.15,0.067,-0.3342108,0,0.002,0.002,308.9,0.002,0.002,258.5
9/20/2016 3:13,2016,9,20,3,13,30.69,-88.2,56.1,21.68,21.8,21.79,22.23,95.4,96.1,1009.086,1009.146,0.033,-0.3342092,0,0.002,0.002,308.9,0.002,0.002,258.5
9/20/2016 3:14,2016,9,20,3,14,30.69,-88.2,56.1,21.66,21.77,21.78,22.22,95.4,96.2,1009.091,1009.111,0.033,-0.3342093,0,0.002,0.002,308.9,0.002,0.002,258.5
9/20/2016 3:15,2016,9,20,3,15,30.69,-88.2,56.1,21.63,21.77,21.78,22.24,95.4,96.2,1009.072,1009.132,0,-0.334208,0,0.002,0.002,308.9,0.002,0.002,258.5
9/20/2016 3:16,2016,9,20,3,16,30.69,-88.2,56.1,21.61,21.77,21.8,22.24,95.4,96.2,1009.092,1009.112,0,-0.4010496,0,0.002,0.002,308.9,0.002,0.002,258.5
9/20/2016 3:17,2016,9,20,3,17,30.69,-88.2,56.1,21.59,21.75,21.8,22.25,95.4,96.2,1009.108,1009.148,0.033,-0.3342069,0,0.002,0.002,308.9,0.002,0.002,258.5
9/20/2016 3:18,2016,9,20,3,18,30.69,-88.2,56.1,21.57,21.73,21.79,22.23,95.4,96.2,1009.091,1009.151,0.033,-0.267366,0,0.002,0.002,308.8,0.002,0.002,258.5
9/20/2016 3:19,2016,9,20,3,19,30.69,-88.2,56.1,21.56,21.73,21.8,22.24,95.4,96.3,1009.111,1009.151,0.067,-0.4010478,0,0.002,0.002,308.9,0.002,0.002,258.5
9/20/2016 3:20,2016,9,20,3,20,30.69,-88.2,56.1,21.57,21.73,21.8,22.25,95.5,96.3,1009.111,1009.151,0.033,-0.3342065,0,0.002,0.002,308.9,0.002,0.002,258.5
9/20/2016 3:21,2016,9,20,3,21,30.69,-88.2,56.1,21.59,21.72,21.81,22.29,95.6,96.3,1009.087,1009.168,0.033,-0.3342057,0,0.002,0.002,308.8,0.002,0.002,258.5
9/20/2016 3:22,2016,9,20,3,22,30.69,-88.2,56.1,21.6,21.74,21.79,22.24,95.5,96.2,1009.09,1009.131,0.033,-0.3342065,0,0.002,0.002,308.8,0.002,0.002,258.5
9/20/2016 3:23,2016,9,20,3,23,30.69,-88.2,56.1,21.59,21.73,21.75,22.18,95.5,96.2,1009.109,1009.149,0.033,-0.4010486,0,0.002,0.002,308.8,0.002,0.002,258.5
9/20/2016 3:24,2016,9,20,3,24,30.69,-88.2,56.1,21.6,21.72,21.73,22.17,95.5,96.2,1009.089,1009.129,0.033,-0.4010486,0,0.002,0.002,308.8,0.002,0.002,258.5
9/20/2016 3:25,2016,9,20,3,25,30.69,-88.2,56.1,21.59,21.73,21.74,22.22,95.6,96.2,1009.085,1009.125,0.033,-0.267365,0,0.002,0.002,308.8,0.002,0.002,258.5
9/20/2016 3:26,2016,9,20,3,26,30.69,-88.2,56.1,21.6,21.7,21.76,22.2,95.6,96.2,1009.089,1009.109,0.033,-0.3342069,0,0.002,0.002,308.8,0.002,0.002,258.5
9/20/2016 3:27,2016,9,20,3,27,30.69,-88.2,56.1,21.6,21.71,21.76,22.22,95.6,96.2,1009.068,1009.108,0.033,-0.267366,0,0.002,0.002,308.8,0.002,0.002,258.5
9/20/2016 3:28,2016,9,20,3,28,30.69,-88.2,56.1,21.61,21.72,21.75,22.2,95.5,96.1,1009.047,1009.108,0.033,-0.3342074,0,0.062,0.062,308.8,0.002,0.002,258.5
9/20/2016 3:29,2016,9,20,3,29,30.69,-88.2,56.1,21.61,21.72,21.73,22.18,95.6,96.1,1009.044,1009.084,0.033,-0.3342065,0,0.142,0.142,308.8,0.002,0.002,258.5
9/20/2016 3:30,2016,9,20,3,30,30.69,-88.2,56.1,21.61,21.72,21.75,22.18,95.6,96.1,1009.088,1009.128,0.033,-0.3342071,0,0.175,0.175,308.7,0.002,0.002,258.5
9/20/2016 3:31,2016,9,20,3,31,30.69,-88.2,56.1,21.59,21.71,21.75,22.16,95.6,96.1,1009.069,1009.129,0.067,-0.3342049,0,0.002,0.002,308.6,0.002,0.002,258.5
9/20/2016 3:32,2016,9,20,3,32,30.69,-88.2,56.1,21.59,21.7,21.74,22.2,95.5,96.2,1009.089,1009.129,0.033,-0.2673639,0,0.002,0.002,308.7,0.002,0.002,258.5
9/20/2016 3:33,2016,9,20,3,33,30.69,-88.2,56.1,21.58,21.7,21.73,22.19,95.5,96.1,1009.106,1009.166,0.033,-0.334203,0,0.002,0.002,308.7,0.002,0.002,258.5
9/20/2016 3:34,2016,9,20,3,34,30.69,-88.2,56.1,21.57,21.69,21.72,22.16,95.5,96.1,1009.127,1009.167,0.033,-0.3342044,0,0.002,0.002,308.8,0.002,0.002,258.5
9/20/2016 3:35,2016,9,20,3,35,30.69,-88.2,56.1,21.55,21.68,21.71,22.15,95.5,96.1,1009.146,1009.186,0.067,-0.334204,0,0.002,0.002,308.8,0.002,0.002,258.5
9/20/2016 3:36,2016,9,20,3,36,30.69,-88.2,56.1,21.55,21.68,21.7,22.13,95.6,96,1009.126,1009.186,0.067,-0.334204,0,0.002,0.002,308.7,0.002,0.002,258.5
9/20/2016 3:37,2016,9,20,3,37,30.69,-88.2,56.1,21.54,21.66,21.71,22.18,95.6,96.1,1009.166,1009.226,0.033,-0.3342023,0,0.002,0.002,308.8,0.002,0.002,258.5
9/20/2016 3:38,2016,9,20,3,38,30.69,-88.2,56.1,21.54,21.68,21.71,22.14,95.6,96.1,1009.167,1009.227,0.067,-0.3342038,0,0.028,0.028,308.9,0.082,0.082,258.5
9/20/2016 3:39,2016,9,20,3,39,30.69,-88.2,56.1,21.54,21.65,21.73,22.16,95.6,96.2,1009.188,1009.229,0.033,-0.3342036,0,0.178,0.178,308.8,0.165,0.165,258.5
9/20/2016 3:40,2016,9,20,3,40,30.69,-88.2,56.1,21.54,21.66,21.71,22.14,95.6,96.1,1009.188,1009.229,0.033,-0.3342036,0,0.005,0.005,308.8,0.062,0.062,235.7
9/20/2016 3:41,2016,9,20,3,41,30.69,-88.2,56.1,21.56,21.66,21.73,22.16,95.6,96.2,1009.185,1009.225,0.033,-0.3342034,0,0.175,0.175,308.4,0.217,0.217,235.1
9/20/2016 3:42,2016,9,20,3,42,30.69,-88.2,56.1,21.55,21.64,21.7,22.15,95.6,96.1,1009.189,1009.229,0.033,-0.2673637,0,0.198,0.198,308.3,0.041,0.041,235.8
9/20/2016 3:43,2016,9,20,3,43,30.69,-88.2,56.1,21.56,21.67,21.68,22.08,95.7,96.2,1009.192,1009.252,0.033,-0.3342028,0,0.132,0.132,307.9,0.286,0.286,235.8
9/20/2016 3:44,2016,9,20,3,44,30.69,-88.2,56.1,21.57,21.67,21.69,22.14,95.7,96.2,1009.212,1009.272,0.067,-0.3342028,0,0.152,0.152,307.9,0.069,0.069,235.8
9/20/2016 3:45,2016,9,20,3,45,30.69,-88.2,56.1,21.56,21.67,21.68,22.08,95.7,96.1,1009.228,1009.248,0.033,-0.3342014,0,0.252,0.252,308,0.002,0.002,235.8
9/20/2016 3:46,2016,9,20,3,46,30.69,-88.2,56.1,21.57,21.65,21.67,22.08,95.6,96,1009.231,1009.291,0,-0.3342017,0,0.287,0.287,308.1,0.002,0.002,235.8
9/20/2016 3:47,2016,9,20,3,47,30.69,-88.2,56.1,21.57,21.66,21.66,22.1,95.6,96,1009.232,1009.272,0.033,-0.3342019,0,0.299,0.299,308.1,0.002,0.002,235.8
9/20/2016 3:48,2016,9,20,3,48,30.69,-88.2,56.1,21.56,21.67,21.66,22.07,95.6,96,1009.211,1009.252,0.033,-0.2673615,0,0.289,0.289,308,0.098,0.098,235.8
9/20/2016 3:49,2016,9,20,3,49,30.69,-88.2,56.1,21.55,21.64,21.67,22.08,95.6,96,1009.208,1009.268,0.033,-0.334202,0,0.24,0.24,308.1,0.284,0.284,235.8
9/20/2016 3:50,2016,9,20,3,50,30.69,-88.2,56.1,21.54,21.63,21.67,22.1,95.6,95.9,1009.229,1009.269,0.033,-0.2673628,0,0.338,0.338,307.9,0.263,0.263,235.8
9/20/2016 3:51,2016,9,20,3,51,30.69,-88.2,56.1,21.54,21.61,21.66,22.08,95.5,95.9,1009.21,1009.25,0.033,-0.334202,0,0.32,0.32,308,0.186,0.186,235.8
9/20/2016 3:52,2016,9,20,3,52,30.69,-88.2,56.1,21.55,21.63,21.65,22.09,95.5,95.8,1009.23,1009.27,0.033,-0.2673616,0,0.242,0.242,307.9,0.005,0.005,235.8
9/20/2016 3:53,2016,9,20,3,53,30.69,-88.2,56.1,21.55,21.65,21.68,22.16,95.5,95.8,1009.228,1009.289,0.033,-0.3342021,0,0.234,0.234,308,0.002,0.002,235.8
9/20/2016 3:54,2016,9,20,3,54,30.69,-88.2,56.1,21.53,21.62,21.69,22.16,95.5,95.9,1009.252,1009.272,0.033,-0.3342036,0,0.212,0.212,308.2,0.002,0.002,235.8
9/20/2016 3:55,2016,9,20,3,55,30.69,-88.2,56.1,21.53,21.63,21.68,22.2,95.5,95.9,1009.232,1009.292,0.033,-0.3342048,0,0.255,0.255,308.2,0.002,0.002,235.8
9/20/2016 3:56,2016,9,20,3,56,30.69,-88.2,56.1,21.52,21.61,21.66,22.15,95.5,95.8,1009.232,1009.292,0.033,-0.3342048,0,0.225,0.225,308.2,0.002,0.002,235.8
9/20/2016 3:57,2016,9,20,3,57,30.69,-88.2,56.1,21.51,21.6,21.65,22.11,95.4,95.9,1009.252,1009.292,0.033,-0.3342044,0,0.224,0.224,308.2,0.002,0.002,236.5
9/20/2016 3:58,2016,9,20,3,58,30.69,-88.2,56.1,21.5,21.59,21.64,22.1,95.5,95.8,1009.295,1009.315,0.033,-0.3342054,0,0.186,0.186,308.3,0.002,0.002,236.5
9/20/2016 3:59,2016,9,20,3,59,30.69,-88.2,56.1,21.49,21.6,21.6,22.05,95.5,95.8,1009.276,1009.337,0.033,-0.3342049,0,0.139,0.139,308.4,0.002,0.002,236.5
9/20/2016 4:00,2016,9,20,4,0,30.69,-88.2,56.1,21.49,21.6,21.57,22.03,95.5,95.8,1009.297,1009.337,0.033,-0.3342049,0,0.002,0.002,308.4,0.002,0.002,236.5
9/20/2016 4:01,2016,9,20,4,1,30.69,-88.2,56.1,21.47,21.58,21.57,22.02,95.5,95.8,1009.292,1009.312,0.033,-0.3342059,0,0.002,0.002,308.3,0.002,0.002,236.5
9/20/2016 4:02,2016,9,20,4,2,30.69,-88.2,56.1,21.46,21.59,21.57,22.03,95.5,95.8,1009.274,1009.334,0.033,-0.3342066,-0.002,0.002,0.002,308.3,0.002,0.002,236.5
9/20/2016 4:03,2016,9,20,4,3,30.69,-88.2,56.1,21.44,21.58,21.59,22.07,95.5,95.9,1009.292,1009.332,0.033,-0.3342044,0,0.002,0.002,308.3,0.002,0.002,236.5
9/20/2016 4:04,2016,9,20,4,4,30.69,-88.2,56.1,21.44,21.56,21.57,22.02,95.5,95.8,1009.292,1009.332,0,-0.2673635,0,0.008,0.008,308.5,0.002,0.002,236.5
9/20/2016 4:05,2016,9,20,4,5,30.69,-88.2,56.1,21.43,21.55,21.56,22.01,95.5,95.9,1009.288,1009.348,0.067,-0.2673621,0,0.003,0.003,308.5,0.002,0.002,236.5
9/20/2016 4:06,2016,9,20,4,6,30.69,-88.2,56.1,21.41,21.54,21.57,22.01,95.4,95.9,1009.293,1009.354,0.033,-0.2673621,0,0.002,0.002,308.5,0.002,0.002,236.5
9/20/2016 4:07,2016,9,20,4,7,30.69,-88.2,56.1,21.4,21.51,21.57,22.01,95.4,95.9,1009.296,1009.356,0.033,-0.2673621,0,0.002,0.002,308.5,0.002,0.002,236.5
9/20/2016 4:08,2016,9,20,4,8,30.69,-88.2,56.1,21.4,21.52,21.56,22,95.5,95.9,1009.336,1009.336,0.033,-0.3342026,0,0.002,0.002,308.5,0.002,0.002,236.5
9/20/2016 4:09,2016,9,20,4,9,30.69,-88.2,56.1,21.4,21.51,21.56,21.98,95.5,96,1009.311,1009.351,0.067,-0.3342026,0,0.056,0.056,308.4,0.002,0.002,236.5
9/20/2016 4:10,2016,9,20,4,10,30.69,-88.2,56.1,21.4,21.51,21.54,21.97,95.5,95.9,1009.332,1009.372,0.033,-0.3342026,0,0.212,0.212,308.4,0.002,0.002,236.5
9/20/2016 4:11,2016,9,20,4,11,30.69,-88.2,56.1,21.41,21.5,21.54,21.99,95.5,96,1009.332,1009.372,0.033,-0.3342013,0,0.204,0.204,308.6,0.002,0.002,236.5
9/20/2016 4:12,2016,9,20,4,12,30.69,-88.2,56.1,21.4,21.51,21.53,21.95,95.5,96,1009.332,1009.372,0.033,-0.3342013,0,0.105,0.105,308.6,0.002,0.002,236.6
9/20/2016 4:13,2016,9,20,4,13,30.69,-88.2,56.1,21.41,21.5,21.5,21.95,95.5,95.9,1009.37,1009.39,0.033,-0.2673613,0,0.23,0.23,308.9,0.002,0.002,236.5
9/20/2016 4:14,2016,9,20,4,14,30.69,-88.2,56.1,21.38,21.49,21.47,21.92,95.5,95.9,1009.371,1009.411,0.033,-0.2673625,0,0.002,0.002,308.9,0.002,0.002,236.5
9/20/2016 4:15,2016,9,20,4,15,30.69,-88.2,56.1,21.36,21.49,21.46,21.91,95.5,95.9,1009.372,1009.412,0.033,-0.2673613,0,0.002,0.002,308.9,0.002,0.002,236.5
9/20/2016 4:16,2016,9,20,4,16,30.69,-88.2,56.1,21.34,21.45,21.46,21.86,95.4,95.9,1009.372,1009.412,0.033,-0.3342017,0,0.002,0.002,308.9,0.002,0.002,236.5
9/20/2016 4:17,2016,9,20,4,17,30.69,-88.2,56.1,21.32,21.43,21.44,21.86,95.4,95.9,1009.37,1009.43,0.033,-0.2673615,0,0.002,0.002,308.9,0.002,0.002,236.5
9/20/2016 4:18,2016,9,20,4,18,30.69,-88.2,56.1,21.3,21.42,21.43,21.85,95.4,95.8,1009.373,1009.413,0.033,-0.334202,0,0.002,0.002,308.9,0.002,0.002,236.5
9/20/2016 4:19,2016,9,20,4,19,30.69,-88.2,56.1,21.28,21.41,21.41,21.85,95.4,95.8,1009.393,1009.453,0.033,-0.3342007,0,0.002,0.002,308.9,0.002,0.002,236.5
9/20/2016 4:20,2016,9,20,4,20,30.69,-88.2,56.1,21.26,21.39,21.4,21.81,95.4,95.8,1009.413,1009.473,0.033,-0.3342007,0,0.002,0.002,308.9,0.002,0.002,236.5
9/20/2016 4:21,2016,9,20,4,21,30.69,-88.2,56.1,21.23,21.38,21.38,21.83,95.4,95.7,1009.411,1009.451,0.033,-0.601562,0,0.002,0.002,308.9,0.002,0.002,236.5
9/20/2016 4:22,2016,9,20,4,22,30.69,-88.2,56.1,21.22,21.36,21.37,21.83,95.4,95.8,1009.414,1009.474,0.033,-0.4010417,0,0.002,0.002,308.9,0.002,0.002,236.5
9/20/2016 4:23,2016,9,20,4,23,30.69,-88.2,56.1,21.21,21.35,21.37,21.85,95.4,95.8,1009.452,1009.472,0.033,-0.3342031,0,0.002,0.002,308.9,0.002,0.002,236.5
9/20/2016 4:24,2016,9,20,4,24,30.69,-88.2,56.1,21.19,21.34,21.38,21.81,95.5,95.8,1009.432,1009.492,0.033,-0.3342031,0,0.002,0.002,308.9,0.002,0.002,236.5
9/20/2016 4:25,2016,9,20,4,25,30.69,-88.2,56.1,21.19,21.35,21.4,21.87,95.5,95.9,1009.448,1009.488,0.033,-0.8689278,0,0.002,0.002,308.9,0.002,0.002,236.5
9/20/2016 4:26,2016,9,20,4,26,30.69,-88.2,56.1,21.19,21.33,21.4,21.86,95.6,95.9,1009.451,1009.472,0.033,-0.7352495,0,0.002,0.002,308.7,0.002,0.002,236.5
9/20/2016 4:27,2016,9,20,4,27,30.69,-88.2,56.1,21.19,21.33,21.41,21.88,95.6,96,1009.412,1009.452,0.033,-0.6015671,0,0.002,0.002,308.7,0.002,0.002,236.5
9/20/2016 4:28,2016,9,20,4,28,30.69,-88.2,56.1,21.2,21.34,21.41,21.87,95.6,96,1009.412,1009.452,0.033,-0.6015671,0,0.002,0.002,308.7,0.002,0.002,236.5
9/20/2016 4:29,2016,9,20,4,29,30.69,-88.2,56.1,21.2,21.33,21.39,21.84,95.6,95.9,1009.408,1009.468,0.033,-0.534726,0,0.051,0.051,308.6,0.002,0.002,236.5
9/20/2016 4:30,2016,9,20,4,30,30.69,-88.2,56.1,21.21,21.33,21.37,21.83,95.6,95.9,1009.411,1009.451,0.033,-0.5347257,0,0.253,0.253,308.8,0.002,0.002,236.5
9/20/2016 4:31,2016,9,20,4,31,30.69,-88.2,56.1,21.22,21.33,21.36,21.81,95.6,95.9,1009.412,1009.432,0.033,-0.5347232,0,0.145,0.145,308.7,0.002,0.002,236.5
9/20/2016 4:32,2016,9,20,4,32,30.69,-88.2,56.1,21.22,21.33,21.37,21.79,95.6,96,1009.412,1009.452,0.033,-0.4678828,0,0.16,0.16,308.4,0.002,0.002,236.5
9/20/2016 4:33,2016,9,20,4,33,30.69,-88.2,56.1,21.23,21.32,21.38,21.81,95.6,96,1009.39,1009.43,0.033,-0.467883,0,0.24,0.24,308.4,0.002,0.002,236.5
9/20/2016 4:34,2016,9,20,4,34,30.69,-88.2,56.1,21.23,21.34,21.36,21.8,95.6,96,1009.375,1009.415,0.033,-0.4678851,0,0.028,0.028,308.4,0.002,0.002,236.5
9/20/2016 4:35,2016,9,20,4,35,30.69,-88.2,56.1,21.21,21.32,21.35,21.79,95.6,96,1009.375,1009.435,0.033,-0.4678828,0,0.002,0.002,308.4,0.002,0.002,236.5
9/20/2016 4:36,2016,9,20,4,36,30.69,-88.2,56.1,21.23,21.3,21.33,21.76,95.6,95.9,1009.375,1009.415,0.033,-0.4010424,0,0.002,0.002,308.4,0.002,0.002,236.5
9/20/2016 4:37,2016,9,20,4,37,30.69,-88.2,56.1,21.23,21.34,21.32,21.74,95.6,96,1009.372,1009.433,0.033,-0.4010426,0,0.002,0.002,308.4,0.002,0.002,236.5
9/20/2016 4:38,2016,9,20,4,38,30.69,-88.2,56.1,21.22,21.33,21.31,21.76,95.6,95.9,1009.395,1009.435,0.033,-0.401046,0,0.002,0.002,308.7,0.002,0.002,236.5
9/20/2016 4:39,2016,9,20,4,39,30.69,-88.2,56.1,21.2,21.32,21.31,21.76,95.6,96,1009.413,1009.473,0.033,-0.4010472,0,0.002,0.002,308.7,0.002,0.002,236.5
9/20/2016 4:40,2016,9,20,4,40,30.69,-88.2,56.1,21.18,21.31,21.3,21.74,95.5,95.9,1009.393,1009.433,0.033,-0.334206,0,0.002,0.002,308.7,0.002,0.002,236.5
9/20/2016 4:41,2016,9,20,4,41,30.69,-88.2,56.1,21.15,21.3,21.28,21.72,95.5,96,1009.411,1009.451,0.033,-0.4010447,0,0.002,0.002,308.7,0.002,0.002,236.5
9/20/2016 4:42,2016,9,20,4,42,30.69,-88.2,56.1,21.12,21.28,21.27,21.72,95.5,96,1009.393,1009.454,0.033,-0.4010444,0,0.002,0.002,308.7,0.002,0.002,236.5
9/20/2016 4:43,2016,9,20,4,43,30.69,-88.2,56.1,21.11,21.28,21.25,21.73,95.5,95.9,1009.376,1009.436,0.033,-0.4010425,0,0.002,0.002,308.7,0.002,0.002,236.5
9/20/2016 4:44,2016,9,20,4,44,30.69,-88.2,56.1,21.11,21.26,21.25,21.7,95.6,95.9,1009.396,1009.436,0.067,-0.3342021,0,0.002,0.002,308.6,0.002,0.002,236.5
9/20/2016 4:45,2016,9,20,4,45,30.69,-88.2,56.1,21.11,21.28,21.25,21.7,95.6,95.9,1009.371,1009.431,0.033,-0.3342022,0,0.002,0.002,308.6,0.002,0.002,236.5
9/20/2016 4:46,2016,9,20,4,46,30.69,-88.2,56.1,21.11,21.25,21.25,21.71,95.6,95.9,1009.374,1009.394,0.033,-0.3342037,0,0.002,0.002,308.7,0.002,0.002,236.5
9/20/2016 4:47,2016,9,20,4,47,30.69,-88.2,56.1,21.11,21.25,21.26,21.73,95.6,95.9,1009.354,1009.394,0.033,-0.4010441,0,0.002,0.002,308.5,0.007,0.007,236.5
9/20/2016 4:48,2016,9,20,4,48,30.69,-88.2,56.1,21.12,21.25,21.28,21.7,95.6,95.9,1009.374,1009.414,0.033,-0.3342034,0,0.23,0.23,308.3,0.077,0.077,236.5
9/20/2016 4:49,2016,9,20,4,49,30.69,-88.2,56.1,21.13,21.24,21.27,21.72,95.6,95.9,1009.352,1009.412,0.033,-0.3342019,0,0.297,0.297,308.3,0.034,0.034,251.7
9/20/2016 4:50,2016,9,20,4,50,30.69,-88.2,56.1,21.13,21.23,21.27,21.71,95.6,95.9,1009.376,1009.437,0.033,-0.4010408,0,0.227,0.227,308.3,0.219,0.219,252.5
9/20/2016 4:51,2016,9,20,4,51,30.69,-88.2,56.1,21.14,21.24,21.28,21.73,95.6,95.9,1009.418,1009.458,0.033,-0.3341997,0,0.354,0.354,308.3,0.225,0.225,252.5
9/20/2016 4:52,2016,9,20,4,52,30.69,-88.2,56.1,21.16,21.25,21.29,21.74,95.7,96,1009.418,1009.498,0.033,-0.3341997,0,0.307,0.307,308.6,0.155,0.155,252.5
9/20/2016 4:53,2016,9,20,4,53,30.69,-88.2,56.1,21.15,21.25,21.3,21.73,95.7,96,1009.455,1009.475,0.033,-0.3341975,0,0.297,0.297,308.1,0.271,0.271,252.2
9/20/2016 4:54,2016,9,20,4,54,30.69,-88.2,56.1,21.15,21.25,21.3,21.77,95.7,96.1,1009.457,1009.497,0.033,-0.3341985,0,0.364,0.364,308.2,0.297,0.297,252.1
9/20/2016 4:55,2016,9,20,4,55,30.69,-88.2,56.1,21.14,21.24,21.3,21.76,95.7,96,1009.477,1009.517,0.033,-0.3341993,0,0.377,0.377,308,0.271,0.271,253.3
9/20/2016 4:56,2016,9,20,4,56,30.69,-88.2,56.1,21.14,21.24,21.29,21.73,95.6,96.1,1009.497,1009.517,0.033,-0.3341993,0,0.314,0.314,307.5,0.225,0.225,255.1
9/20/2016 4:57,2016,9,20,4,57,30.69,-88.2,56.1,21.13,21.22,21.28,21.73,95.6,96,1009.494,1009.534,0.033,-0.4010383,0,0.315,0.315,307.9,0.031,0.031,255.1
9/20/2016 4:58,2016,9,20,4,58,30.69,-88.2,56.1,21.12,21.23,21.28,21.69,95.6,96.1,1009.496,1009.557,0,-0.3341994,0,0.248,0.248,308.2,0.002,0.002,255.1
9/20/2016 4:59,2016,9,20,4,59,30.69,-88.2,56.1,21.11,21.22,21.24,21.68,95.6,96,1009.498,1009.538,0.033,-0.3341987,0,0.162,0.162,308.2,0.002,0.002,255.1
9/20/2016 5:00,2016,9,20,5,0,30.69,-88.2,56.1,21.1,21.22,21.25,21.71,95.6,96.1,1009.498,1009.518,0,-0.3341987,0,0.126,0.126,307.8,0.002,0.002,255.1
9/20/2016 5:01,2016,9,20,5,1,30.69,-88.2,56.1,21.08,21.2,21.25,21.69,95.6,96.1,1009.495,1009.535,0.033,-0.3341967,0,0.095,0.095,308,0.002,0.002,255.1
9/20/2016 5:02,2016,9,20,5,2,30.69,-88.2,56.1,21.08,21.17,21.23,21.7,95.6,96,1009.497,1009.557,0.033,-0.3341964,0,0.207,0.207,308.2,0.002,0.002,255.1
9/20/2016 5:03,2016,9,20,5,3,30.69,-88.2,56.1,21.07,21.19,21.21,21.66,95.6,96,1009.499,1009.559,0.033,-0.3341977,0,0.25,0.25,308.3,0.002,0.002,255.1
9/20/2016 5:04,2016,9,20,5,4,30.69,-88.2,56.1,21.05,21.17,21.18,21.63,95.6,96,1009.519,1009.539,0.033,-0.3341977,0,0.077,0.077,308.4,0.002,0.002,255.1
9/20/2016 5:05,2016,9,20,5,5,30.69,-88.2,56.1,21.04,21.15,21.16,21.6,95.6,96,1009.498,1009.558,0.033,-0.4010368,0,0.002,0.002,308.3,0.002,0.002,255.1
9/20/2016 5:06,2016,9,20,5,6,30.69,-88.2,56.1,21.03,21.13,21.17,21.6,95.6,96.1,1009.539,1009.56,0.033,-0.2673587,0,0.025,0.024,308.6,0.002,0.002,255.1
9/20/2016 5:07,2016,9,20,5,7,30.69,-88.2,56.1,21.01,21.12,21.15,21.61,95.6,96,1009.541,1009.561,0.033,-0.3341964,0,0.002,0.002,308.6,0.002,0.002,255.1
9/20/2016 5:08,2016,9,20,5,8,30.69,-88.2,56.1,20.99,21.11,21.13,21.58,95.6,96,1009.521,1009.561,0.033,-0.2673571,0,0.002,0.002,308.6,0.002,0.002,255.1
9/20/2016 5:09,2016,9,20,5,9,30.69,-88.2,56.1,20.98,21.09,21.12,21.54,95.6,96,1009.515,1009.555,0.033,-0.267357,0,0.002,0.002,308.6,0.002,0.002,255.1
9/20/2016 5:10,2016,9,20,5,10,30.69,-88.2,56.1,20.97,21.1,21.12,21.58,95.6,96,1009.499,1009.539,0.033,-0.3341976,0,0.002,0.002,308.5,0.002,0.002,255.1
9/20/2016 5:11,2016,9,20,5,11,30.69,-88.2,56.1,20.97,21.08,21.12,21.57,95.7,96,1009.498,1009.538,0.067,-0.2673578,0,0.002,0.002,308.5,0.002,0.002,255.1
9/20/2016 5:12,2016,9,20,5,12,30.69,-88.2,56.1,20.96,21.08,21.12,21.58,95.7,96,1009.498,1009.538,0.033,-0.3341972,0,0.002,0.002,308.5,0.002,0.002,255.1
9/20/2016 5:13,2016,9,20,5,13,30.69,-88.2,56.1,20.96,21.08,21.11,21.59,95.7,96.1,1009.495,1009.515,0.067,-0.3341969,0,0.002,0.002,308.5,0.002,0.002,253
9/20/2016 5:14,2016,9,20,5,14,30.69,-88.2,56.1,20.95,21.07,21.12,21.55,95.7,96.1,1009.497,1009.557,0.067,-0.3341967,0,0.002,0.002,308.5,0.002,0.002,253
9/20/2016 5:15,2016,9,20,5,15,30.69,-88.2,56.1,20.95,21.06,21.12,21.59,95.7,96,1009.517,1009.557,0.067,-0.3341964,0,0.002,0.002,308.5,0.002,0.002,253
9/20/2016 5:16,2016,9,20,5,16,30.69,-88.2,56.1,20.94,21.07,21.14,21.62,95.7,96.2,1009.517,1009.557,0.067,-0.2673572,0,0.002,0.002,308.5,0.002,0.002,253
9/20/2016 5:17,2016,9,20,5,17,30.69,-88.2,56.1,20.94,21.07,21.13,21.58,95.7,96.1,1009.532,1009.552,0.067,-0.2005178,0,0.002,0.002,308.5,0.002,0.002,253
9/20/2016 5:18,2016,9,20,5,18,30.69,-88.2,56.1,20.93,21.05,21.14,21.59,95.8,96.1,1009.537,1009.577,0.067,-0.2005177,0,0.002,0.002,308.4,0.127,0.127,251.8
9/20/2016 5:19,2016,9,20,5,19,30.69,-88.2,56.1,20.93,21.05,21.15,21.6,95.8,96.1,1009.536,1009.576,0.1,-0.2005177,0,0.002,0.002,308.4,0.033,0.033,251.7
9/20/2016 5:20,2016,9,20,5,20,30.69,-88.2,56.1,20.94,21.04,21.14,21.57,95.8,96,1009.536,1009.576,0.167,-0.2005177,0,0.343,0.343,308.4,0.209,0.209,252
9/20/2016 5:21,2016,9,20,5,21,30.69,-88.2,56.1,20.96,21.05,21.12,21.58,95.8,96,1009.554,1009.594,0.167,-0.0668392,0,0.368,0.367,306.9,0.216,0.216,251.7
9/20/2016 5:22,2016,9,20,5,22,30.69,-88.2,56.1,20.97,21.06,21.13,21.56,95.8,96,1009.576,1009.596,0.234,0,0,0.304,0.304,304.4,0.271,0.271,246
9/20/2016 5:23,2016,9,20,5,23,30.69,-88.2,56.1,20.98,21.06,21.13,21.6,95.8,96,1009.576,1009.616,0.301,0.06683917,0,0.356,0.356,305,0.185,0.185,246.2
9/20/2016 5:24,2016,9,20,5,24,30.69,-88.2,56.1,20.99,21.08,21.1,21.53,95.8,95.9,1009.556,1009.616,0.368,0.1336783,0,0.217,0.217,304.4,0.268,0.268,245.1
9/20/2016 5:25,2016,9,20,5,25,30.69,-88.2,56.1,20.98,21.07,21.09,21.54,95.8,95.9,1009.571,1009.632,0.401,0.3341959,0,0.172,0.171,304.5,0.139,0.139,243.7
9/20/2016 5:26,2016,9,20,5,26,30.69,-88.2,56.1,20.99,21.06,21.09,21.54,95.8,95.8,1009.576,1009.636,0.535,0.4678761,0,0.103,0.103,303.5,0.252,0.252,243.8
9/20/2016 5:27,2016,9,20,5,27,30.69,-88.2,56.1,20.98,21.06,21.1,21.56,95.8,95.8,1009.616,1009.616,0.635,0.6015545,0,0.237,0.237,303.5,0.095,0.095,244.1
9/20/2016 5:28,2016,9,20,5,28,30.69,-88.2,56.1,20.98,21.06,21.1,21.55,95.8,95.7,1009.616,1009.656,0.735,0.8020726,0,0.16,0.16,303.4,0.207,0.207,244.1
9/20/2016 5:29,2016,9,20,5,29,30.69,-88.2,56.1,20.98,21.08,21.11,21.62,95.8,95.7,1009.614,1009.634,0.869,1.069434,0,0.185,0.185,302,0.15,0.15,241.7
9/20/2016 5:30,2016,9,20,5,30,30.69,-88.2,56.1,20.98,21.1,21.12,21.59,95.8,95.5,1009.658,1009.678,1.036,1.403636,0,0.271,0.271,293.7,0.196,0.193,237.3
9/20/2016 5:31,2016,9,20,5,31,30.69,-88.2,56.1,20.99,21.09,21.15,21.64,95.8,95.5,1009.658,1009.718,1.237,1.737824,0,0.191,0.191,267.8,0.057,0.057,251.1
9/20/2016 5:32,2016,9,20,5,32,30.69,-88.2,56.1,20.99,21.07,21.17,21.65,95.8,95.4,1009.678,1009.698,1.404,2.072021,0,0.057,0.057,267.4,0.005,0.005,253
9/20/2016 5:33,2016,9,20,5,33,30.69,-88.2,56.1,21,21.09,21.17,21.64,95.8,95.2,1009.673,1009.693,1.604,2.606734,0,0.234,0.234,268.2,0.002,0.002,249.8
9/20/2016 5:34,2016,9,20,5,34,30.69,-88.2,56.1,20.99,21.09,21.18,21.66,95.8,95.2,1009.698,1009.738,1.771,3.07462,0,0.021,0.021,268.3,0.002,0.002,249.4
9/20/2016 5:35,2016,9,20,5,35,30.69,-88.2,56.1,20.98,21.09,21.19,21.67,95.8,95.1,1009.697,1009.737,2.005,3.542478,0,0.002,0.002,268.7,0.002,0.002,249.4
9/20/2016 5:36,2016,9,20,5,36,30.69,-88.2,56.1,20.98,21.07,21.21,21.7,95.8,95,1009.677,1009.737,2.239,4.144031,0,0.007,0.007,268.5,0.002,0.002,259
9/20/2016 5:37,2016,9,20,5,37,30.69,-88.2,56.1,20.98,21.08,21.24,21.71,95.8,95,1009.695,1009.735,2.573,4.879282,0,0.083,0.083,268.6,0.002,0.002,258.3
9/20/2016 5:38,2016,9,20,5,38,30.69,-88.2,56.1,20.97,21.08,21.23,21.7,95.8,94.8,1009.697,1009.737,2.874,5.547693,0,0.158,0.158,270.6,0.002,0.002,213.8
9/20/2016 5:39,2016,9,20,5,39,30.69,-88.2,56.1,20.97,21.09,21.23,21.72,95.8,94.8,1009.697,1009.757,3.208,6.416598,0,0.217,0.217,276.6,0.002,0.002,214.1
9/20/2016 5:40,2016,9,20,5,40,30.69,-88.2,56.1,20.95,21.06,21.25,21.73,95.7,94.7,1009.697,1009.757,3.609,7.218673,0,0.002,0.002,277.6,0.002,0.002,216.6
9/20/2016 5:41,2016,9,20,5,41,30.69,-88.2,56.1,20.95,21.05,21.25,21.74,95.7,94.7,1009.692,1009.752,4.01,8.154383,0,0.108,0.108,277.9,0.002,0.002,216.6
9/20/2016 5:42,2016,9,20,5,42,30.69,-88.2,56.1,20.94,21.06,21.25,21.73,95.7,94.7,1009.715,1009.755,4.478,9.090168,0,0.091,0.091,277.6,0.002,0.002,216.6
9/20/2016 5:43,2016,9,20,5,43,30.69,-88.2,56.1,20.94,21.05,21.25,21.76,95.7,94.6,1009.773,1009.773,4.98,10.15955,0,0.114,0.114,277.7,0.002,0.002,216.6
9/20/2016 5:44,2016,9,20,5,44,30.69,-88.2,56.1,20.95,21.06,21.27,21.74,95.8,94.5,1009.753,1009.813,5.514,11.36265,0,0.18,0.18,277.4,0.042,0.042,215.6
9/20/2016 5:45,2016,9,20,5,45,30.69,-88.2,56.1,20.95,21.05,21.3,21.79,95.8,94.5,1009.771,1009.791,6.049,12.5657,0,0.005,0.005,277.7,0.002,0.002,217.2
9/20/2016 5:46,2016,9,20,5,46,30.69,-88.2,56.1,20.95,21.06,21.3,21.77,95.8,94.3,1009.774,1009.814,6.617,13.83565,0,0.183,0.183,286.4,0.002,0.002,177.6
9/20/2016 5:47,2016,9,20,5,47,30.69,-88.2,56.1,20.95,21.06,21.33,21.78,95.8,94.2,1009.777,1009.837,7.252,15.1056,0,0.002,0.002,286.3,0.059,0.059,207.9
9/20/2016 5:48,2016,9,20,5,48,30.69,-88.2,56.1,20.97,21.07,21.36,21.85,95.8,94.1,1009.817,1009.837,7.82,16.50922,0,0.175,0.175,286.7,0.026,0.026,209
9/20/2016 5:49,2016,9,20,5,49,30.69,-88.2,56.1,20.99,21.08,21.4,21.84,95.9,93.9,1009.817,1009.857,8.49,17.91285,0,0.002,0.002,285.4,0.031,0.031,191.4
9/20/2016 5:50,2016,9,20,5,50,30.69,-88.2,56.1,21.01,21.09,21.45,21.91,95.9,93.9,1009.818,1009.879,9.16,19.38331,0,0.002,0.002,269.1,0.229,0.228,210
9/20/2016 5:51,2016,9,20,5,51,30.69,-88.2,56.1,21.03,21.12,21.45,21.94,95.9,93.8,1009.86,1009.88,9.79,20.92062,0,0.005,0.005,270.2,0.038,0.038,210.6
9/20/2016 5:52,2016,9,20,5,52,30.69,-88.2,56.1,21.04,21.14,21.49,21.93,95.9,93.6,1009.86,1009.88,10.49,22.45792,0,0.225,0.225,271,0.229,0.229,210.6
9/20/2016 5:53,2016,9,20,5,53,30.69,-88.2,56.1,21.06,21.14,21.48,21.96,95.9,93.5,1009.855,1009.875,12.5,24.9977,0,0.206,0.206,272.3,0.01,0.01,210.7
9/20/2016 5:54,2016,9,20,5,54,30.69,-88.2,56.1,21.07,21.17,21.51,21.97,95.9,93.3,1009.897,1009.918,15.01,27.93875,0,0.142,0.142,271.8,0.134,0.134,210.8
9/20/2016 5:55,2016,9,20,5,55,30.69,-88.2,56.1,21.09,21.14,21.54,22.03,95.8,93.1,1009.899,1009.959,16.51,30.27812,0,0.216,0.216,271.8,0.003,0.003,211.5
9/20/2016 5:56,2016,9,20,5,56,30.69,-88.2,56.1,21.09,21.19,21.58,22,95.8,93,1009.939,1009.98,17.98,32.61749,0,0.007,0.007,272.1,0.028,0.027,269.8
9/20/2016 5:57,2016,9,20,5,57,30.69,-88.2,56.1,21.1,21.18,21.64,22.07,95.8,92.7,1009.955,1009.995,19.38,34.88988,0,0.137,0.137,272.2,0.242,0.237,332.8
9/20/2016 5:58,2016,9,20,5,58,30.69,-88.2,56.1,21.12,21.2,21.71,22.14,95.8,92.5,1009.999,1010.019,21.05,37.4301,0,0.002,0.002,271.8,0.002,0.002,337.4
9/20/2016 5:59,2016,9,20,5,59,30.69,-88.2,56.1,21.13,21.21,21.78,22.13,95.8,92.6,1009.999,1010.039,22.86,40.30399,0,0.064,0.064,272.4,0.002,0.002,328.6
9/20/2016 6:00,2016,9,20,6,0,30.69,-88.2,56.1,21.13,21.22,21.86,22.2,95.8,92.1,1010.019,1010.079,24.66,43.17807,0,0.002,0.002,271.2,0.002,0.002,292.1
9/20/2016 6:01,2016,9,20,6,1,30.69,-88.2,56.1,21.15,21.23,21.95,22.26,95.8,91.7,1010.036,1010.096,26.27,45.78461,0,0.002,0.002,271.9,0.266,0.248,13.38
9/20/2016 6:02,2016,9,20,6,2,30.69,-88.2,56.1,21.16,21.26,22.05,22.32,95.8,91.8,1010.061,1010.101,28.11,48.65892,0,0.002,0.002,255.8,0.005,0.005,308.1
9/20/2016 6:03,2016,9,20,6,3,30.69,-88.2,56.1,21.17,21.28,22.14,22.36,95.8,91.5,1010.06,1010.1,29.91,51.46595,0,0.002,0.002,272.3,0.002,0.002,32.63
9/20/2016 6:04,2016,9,20,6,4,30.69,-88.2,56.1,21.2,21.28,22.26,22.46,95.8,91.1,1010.06,1010.12,31.98,54.74105,0,0.002,0.002,271.5,0.002,0.002,2.934
9/20/2016 6:05,2016,9,20,6,5,30.69,-88.2,56.1,21.23,21.3,22.32,22.51,95.8,91.3,1010.077,1010.097,34.09,58.08279,0,0.002,0.002,271.3,0.002,0.002,2.851
9/20/2016 6:06,2016,9,20,6,6,30.69,-88.2,56.1,21.24,21.31,22.42,22.5,95.7,91.3,1010.101,1010.162,36.36,61.69242,0,0.002,0.002,272.6,0.042,0.042,2.77
9/20/2016 6:07,2016,9,20,6,7,30.69,-88.2,56.1,21.28,21.33,22.45,22.55,95.7,91,1010.12,1010.141,38.9,65.83647,0,0.002,0.002,271.9,0.002,0.002,2.804
9/20/2016 6:08,2016,9,20,6,8,30.69,-88.2,56.1,21.31,21.36,22.5,22.57,95.7,90.9,1010.141,1010.161,41.44,69.77998,0,0.002,0.002,272.4,0.002,0.002,301.3
9/20/2016 6:09,2016,9,20,6,9,30.69,-88.2,56.1,21.34,21.37,22.53,22.57,95.7,90.6,1010.118,1010.158,44.05,74.12453,0,0.002,0.002,272.4,0.002,0.002,301.4
9/20/2016 6:10,2016,9,20,6,10,30.69,-88.2,56.1,21.36,21.41,22.59,22.64,95.7,90.5,1010.122,1010.162,46.69,78.20173,0,0.002,0.002,272.3,0.002,0.002,263.2
9/20/2016 6:11,2016,9,20,6,11,30.69,-88.2,56.1,21.4,21.45,22.64,22.67,95.6,90.1,1010.101,1010.161,49.16,82.07806,0,0.002,0.002,272.3,0.016,0.015,331.3
9/20/2016 6:12,2016,9,20,6,12,30.69,-88.2,56.1,21.43,21.48,22.71,22.79,95.6,90.6,1010.101,1010.121,51.97,86.48943,0,0.002,0.002,272.4,0.002,0.002,335.7
9/20/2016 6:13,2016,9,20,6,13,30.69,-88.2,56.1,21.48,21.5,22.78,22.78,95.6,90.5,1010.08,1010.14,54.67,90.63314,0,0.002,0.002,272.3,0.002,0.002,287.8
9/20/2016 6:14,2016,9,20,6,14,30.69,-88.2,56.1,21.51,21.52,22.79,22.78,95.6,90.5,1010.103,1010.144,57.65,95.11147,0,0.002,0.002,272.3,0.002,0.002,286.9
9/20/2016 6:15,2016,9,20,6,15,30.69,-88.2,56.1,21.54,21.57,22.87,22.75,95.5,90.2,1010.102,1010.142,60.62,99.72348,0,0.002,0.002,272.3,0.002,0.002,286.8
9/20/2016 6:16,2016,9,20,6,16,30.69,-88.2,56.1,21.59,21.59,22.95,22.84,95.5,89.9,1010.102,1010.142,63.56,103.9343,0,0.002,0.002,272.3,0.002,0.002,286.8
9/20/2016 6:17,2016,9,20,6,17,30.69,-88.2,56.1,21.65,21.64,23.1,22.97,95.5,89.5,1010.097,1010.137,66.67,108.3453,0,0.002,0.002,271.8,0.002,0.002,286.8
9/20/2016 6:18,2016,9,20,6,18,30.69,-88.2,56.1,21.69,21.68,23.16,23.01,95.4,89.3,1010.119,1010.159,69.71,112.69,0,0.002,0.002,272,0.002,0.002,286.7
9/20/2016 6:19,2016,9,20,6,19,30.69,-88.2,56.1,21.75,21.74,23.24,23.01,95.4,88.9,1010.139,1010.179,73.15,117.1679,0,0.002,0.002,271.9,0.002,0.002,286.7
9/20/2016 6:20,2016,9,20,6,20,30.69,-88.2,56.1,21.8,21.79,23.31,23.13,95.2,89.1,1010.139,1010.179,76.5,121.7129,0,0.002,0.002,271.8,0.002,0.002,286.7
9/20/2016 6:21,2016,9,20,6,21,30.69,-88.2,56.1,21.83,21.82,23.36,23.12,95,88.8,1010.114,1010.174,79.74,125.8571,0,0.002,0.002,277.5,0.002,0.002,286.7
9/20/2016 6:22,2016,9,20,6,22,30.69,-88.2,56.1,21.87,21.86,23.43,23.15,94.8,88.6,1010.139,1010.159,83,130.2018,0,0.002,0.002,276.9,0.002,0.002,286.7
9/20/2016 6:23,2016,9,20,6,23,30.69,-88.2,56.1,21.92,21.93,23.45,23.19,94.8,88.6,1010.136,1010.176,87.2,135.0807,0,0.002,0.002,276.8,0.002,0.002,281.9
9/20/2016 6:24,2016,9,20,6,24,30.69,-88.2,56.1,21.98,21.99,23.48,23.17,94.7,88.6,1010.136,1010.176,90.1,139.091,0,0.002,0.002,276.3,0.002,0.002,255.4
9/20/2016 6:25,2016,9,20,6,25,30.69,-88.2,56.1,22.04,22.06,23.61,23.28,94.6,88.6,1010.134,1010.174,93.2,143.3689,0,0.002,0.002,272.6,0.002,0.002,255.4
9/20/2016 6:26,2016,9,20,6,26,30.69,-88.2,56.1,22.1,22.13,23.67,23.34,94.4,88.1,1010.177,1010.197,96,147.58,0,0.002,0.002,273.1,0.002,0.002,255.4
9/20/2016 6:27,2016,9,20,6,27,30.69,-88.2,56.1,22.16,22.22,23.83,23.4,94.2,87.8,1010.177,1010.217,99.1,152.3257,0,0.002,0.002,272.7,0.002,0.002,255.4
9/20/2016 6:28,2016,9,20,6,28,30.69,-88.2,56.1,22.21,22.28,23.91,23.49,94,87.7,1010.177,1010.217,101.9,157.0044,0,0.002,0.002,272.7,0.002,0.002,255.4
9/20/2016 6:29,2016,9,20,6,29,30.69,-88.2,56.1,22.27,22.31,23.98,23.51,93.7,87.5,1010.175,1010.235,104.7,161.95,0,0.002,0.002,272.4,0.002,0.002,255.4
9/20/2016 6:30,2016,9,20,6,30,30.69,-88.2,56.1,22.33,22.39,24.14,23.66,93.4,87.3,1010.195,1010.256,107.4,166.6972,0,0.002,0.002,272.6,0.002,0.002,255.4
9/20/2016 6:31,2016,9,20,6,31,30.69,-88.2,56.1,22.39,22.45,24.36,23.85,92.9,87,1010.216,1010.256,109.8,171.1092,0,0.002,0.002,272.8,0.002,0.002,255.4
9/20/2016 6:32,2016,9,20,6,32,30.69,-88.2,56.1,22.5,22.54,24.5,23.99,93,85.8,1010.236,1010.256,112.2,175.5874,0,0.002,0.002,273.7,0.002,0.002,255.4
9/20/2016 6:33,2016,9,20,6,33,30.69,-88.2,56.1,22.71,22.67,24.52,24.08,93.3,84.5,1010.232,1010.292,114.2,179.9326,0,0.002,0.002,273.7,0.08,0.077,63.18
9/20/2016 6:34,2016,9,20,6,34,30.69,-88.2,56.1,22.76,22.74,24.49,24.08,92.3,84.8,1010.253,1010.273,116.4,183.676,0,0.002,0.002,273.3,0.165,0.158,38.75
9/20/2016 6:35,2016,9,20,6,35,30.69,-88.2,56.1,22.83,22.77,24.62,24.23,91.6,84.9,1010.252,1010.272,119.2,190.2927,0,0.002,0.002,274.5,0.023,0.022,66.51
9/20/2016 6:36,2016,9,20,6,36,30.69,-88.2,56.1,22.92,22.81,24.48,24.23,90.9,83.8,1010.212,1010.292,121,192.0306,0,0.114,0.102,45.2,0.444,0.43,46.24
9/20/2016 6:37,2016,9,20,6,37,30.69,-88.2,56.1,23.14,22.89,24.42,24.13,90.1,83.9,1010.206,1010.266,123.9,197.7793,0,0.186,0.186,76.26,0.366,0.355,32.02
9/20/2016 6:38,2016,9,20,6,38,30.69,-88.2,56.1,23.24,23.01,24.57,24.32,89.9,84.5,1010.208,1010.249,126.7,202.8595,0,0.002,0.002,73.2,0.002,0.002,47.59
9/20/2016 6:39,2016,9,20,6,39,30.69,-88.2,56.1,23.43,23.12,24.59,24.33,89.6,82.8,1010.208,1010.248,129.2,207.003,-0.002,0.067,0.067,85.7,0.113,0.11,25.57
9/20/2016 6:40,2016,9,20,6,40,30.69,-88.2,56.1,23.47,23.24,24.56,24.32,88.8,83.5,1010.208,1010.248,132.3,213.4196,0,0.002,0.002,329.4,0.309,0.289,75.53
9/20/2016 6:41,2016,9,20,6,41,30.69,-88.2,56.1,23.44,23.29,24.59,24.37,87.7,82.9,1010.206,1010.246,135.1,217.631,0,0.167,0.167,302.4,0.123,0.116,16.54
9/20/2016 6:42,2016,9,20,6,42,30.69,-88.2,56.1,23.49,23.32,24.65,24.26,87.4,83.1,1010.208,1010.248,137.8,222.5775,0,0.002,0.002,301.5,0.075,0.071,339.3
9/20/2016 6:43,2016,9,20,6,43,30.69,-88.2,56.1,23.5,23.38,24.59,24.23,87.4,83.4,1010.21,1010.27,140.6,227.0571,-0.008,0.103,0.103,304.5,0.021,0.021,322
9/20/2016 6:44,2016,9,20,6,44,30.69,-88.2,56.1,23.71,23.45,24.45,24.21,86.3,83.1,1010.21,1010.25,143.6,232.8053,0,0.193,0.188,45.39,0.72,0.642,354.9
9/20/2016 6:45,2016,9,20,6,45,30.69,-88.2,56.1,23.8,23.56,24.5,24.1,87.1,83.9,1010.205,1010.265,146.3,237.2827,0,0.162,0.159,52.69,0.209,0.208,286.9
9/20/2016 6:46,2016,9,20,6,46,30.69,-88.2,56.1,23.89,23.66,24.52,24.12,87.4,83.8,1010.227,1010.247,148.8,241.8281,0,0.002,0.002,331.6,0.002,0.002,314.6
9/20/2016 6:47,2016,9,20,6,47,30.69,-88.2,56.1,23.96,23.74,24.59,24.19,85.7,82.9,1010.207,1010.247,151.6,246.5081,0,0.002,0.002,332.1,0.002,0.002,314.4
9/20/2016 6:48,2016,9,20,6,48,30.69,-88.2,56.1,24.07,23.85,24.72,24.28,87,85.1,1010.207,1010.267,154.5,251.7885,-0.024,0.002,0.002,329.7,0.002,0.002,294.7
9/20/2016 6:49,2016,9,20,6,49,30.69,-88.2,56.1,24.22,23.91,24.86,24.35,86.4,82.4,1010.243,1010.283,157.5,257.2705,0,0.002,0.002,337.4,0.082,0.071,0.451
9/20/2016 6:50,2016,9,20,6,50,30.69,-88.2,56.1,24.29,24.01,25.06,24.58,85.7,82.8,1010.244,1010.284,160.3,261.6828,0,0.002,0.002,245,0.002,0.002,252.9
9/20/2016 6:51,2016,9,20,6,51,30.69,-88.2,56.1,24.46,24.08,24.99,24.53,84.5,80.9,1010.26,1010.3,163.3,267.8329,0,0.002,0.002,248.6,0.554,0.534,6.967
9/20/2016 6:52,2016,9,20,6,52,30.69,-88.2,56.1,24.6,24.21,25,24.61,84.6,82.6,1010.28,1010.34,165.9,273.1802,0,0.002,0.002,315,0.403,0.391,20.95
9/20/2016 6:53,2016,9,20,6,53,30.69,-88.2,56.1,24.6,24.33,24.96,24.62,83.9,82.4,1010.277,1010.317,169.3,279.4638,0.008,0.07,0.068,245.9,0.108,0.024,14.08
9/20/2016 6:54,2016,9,20,6,54,30.69,-88.2,56.1,24.57,24.32,24.83,24.49,83.5,82.5,1010.319,1010.359,171.8,284.5454,0,0.105,0.105,235.4,0.32,0.287,328.9
9/20/2016 6:55,2016,9,20,6,55,30.69,-88.2,56.1,24.71,24.4,24.72,24.49,84,83.5,1010.319,1010.359,174.9,289.8929,0.015,0.077,0.074,21.44,0.91,0.877,13.89
9/20/2016 6:56,2016,9,20,6,56,30.69,-88.2,56.1,24.65,24.46,24.69,24.43,83.6,83.1,1010.319,1010.359,177.9,296.176,-0.026,0.297,0.294,12.7,0.363,0.317,22.14
9/20/2016 6:57,2016,9,20,6,57,30.69,-88.2,56.1,24.65,24.47,24.65,24.44,83.5,81.9,1010.314,1010.354,180.5,300.9219,0,0.021,0.021,253.8,0.4,0.291,4.133
9/20/2016 6:58,2016,9,20,6,58,30.69,-88.2,56.1,24.77,24.52,24.79,24.6,84.1,84.6,1010.357,1010.397,182.8,305.1356,0,0.002,0.002,248.8,0.06,0.053,307.4
9/20/2016 6:59,2016,9,20,6,59,30.69,-88.2,56.1,24.83,24.56,24.71,24.5,80.9,82,1010.357,1010.397,185.9,310.0828,-0.065,0.335,0.282,49.84,0.475,0.378,2.521
9/20/2016 7:00,2016,9,20,7,0,30.69,-88.2,56.1,24.97,24.63,24.73,24.59,79.74,81.6,1010.336,1010.397,188.6,315.096,-0.087,0.263,0.252,69.88,0.779,0.594,20.72
9/20/2016 7:01,2016,9,20,7,1,30.69,-88.2,56.1,24.97,24.76,24.78,24.68,82.8,82,1010.395,1010.415,191.7,320.7115,0,0.572,0.529,44.7,0.43,0.347,343.6
9/20/2016 7:02,2016,9,20,7,2,30.69,-88.2,56.1,25.1,24.86,24.92,24.82,82.7,83.3,1010.397,1010.417,194.2,325.0582,0,0.002,0.002,0.784,0.002,0.002,294.1
9/20/2016 7:03,2016,9,20,7,3,30.69,-88.2,56.1,25.13,24.93,24.99,24.9,81.3,81.8,1010.395,1010.415,197.4,330.3376,0,0.039,0.039,1.595,0.057,0.055,110.7
9/20/2016 7:04,2016,9,20,7,4,30.69,-88.2,56.1,25.33,25.02,25.1,24.93,80.6,81.1,1010.395,1010.415,200,334.7492,-0.024,0.007,0.006,291.9,0.044,0.038,13.53
9/20/2016 7:05,2016,9,20,7,5,30.69,-88.2,56.1,25.42,25.14,25.05,24.95,80.7,82.5,1010.369,1010.409,203.2,340.966,0,0.479,0.422,70.33,0.701,0.61,352.1
9/20/2016 7:06,2016,9,20,7,6,30.69,-88.2,56.1,25.39,25.17,25.07,24.91,82,82.3,1010.37,1010.39,205.7,345.782,0,0.155,0.155,317.6,0.127,0.127,298.7
9/20/2016 7:07,2016,9,20,7,7,30.69,-88.2,56.1,25.55,25.27,25.25,24.99,82.6,82,1010.327,1010.387,209,351.1975,0,0.002,0.002,316.2,0.002,0.002,294
9/20/2016 7:08,2016,9,20,7,8,30.69,-88.2,56.1,25.55,25.29,25.21,25.04,78.09,79.42,1010.307,1010.387,212.5,357.6145,-0.006,0.199,0.187,19.52,0.381,0.361,1.228
9/20/2016 7:09,2016,9,20,7,9,30.69,-88.2,56.1,25.53,25.31,25.12,25.04,77.67,79.84,1010.323,1010.343,215.7,363.2304,0,0.559,0.534,15.16,0.841,0.747,7.288
9/20/2016 7:10,2016,9,20,7,10,30.69,-88.2,56.1,25.53,25.33,25.18,25.13,79.52,80.3,1010.303,1010.363,218.9,369.2487,0,0.368,0.363,31.65,0.47,0.428,51.64
9/20/2016 7:11,2016,9,20,7,11,30.69,-88.2,56.1,25.75,25.4,25.29,25.3,79.01,80.3,1010.304,1010.364,222.2,374.9323,0,0.144,0.143,68.11,0.34,0.326,38.2
9/20/2016 7:12,2016,9,20,7,12,30.69,-88.2,56.1,25.92,25.56,25.42,25.38,79.03,80.4,1010.304,1010.344,225.6,381.3494,0,0.005,0.005,55.82,0.287,0.271,73.32
9/20/2016 7:13,2016,9,20,7,13,30.69,-88.2,56.1,26.17,25.77,25.62,25.63,80.7,81.6,1010.3,1010.36,228.8,388.6371,0,0.011,0.011,68.94,0.114,0.113,95.9
9/20/2016 7:14,2016,9,20,7,14,30.69,-88.2,56.1,26.11,25.89,25.72,25.68,77.61,78.9,1010.321,1010.381,231.3,391.4474,0,0.07,0.067,296.8,0.002,0.002,79.15
9/20/2016 7:15,2016,9,20,7,15,30.69,-88.2,56.1,26.13,25.92,25.62,25.57,75.63,77.8,1010.32,1010.38,234.2,396.1273,0.029,0.134,0.021,17.45,0.421,0.35,43.63
9/20/2016 7:16,2016,9,20,7,16,30.69,-88.2,56.1,26.13,25.99,25.73,25.63,78.73,79.48,1010.36,1010.38,236,402.2771,0,0.448,0.307,72.17,0.062,0.044,47.26
9/20/2016 7:17,2016,9,20,7,17,30.69,-88.2,56.1,25.97,25.96,25.77,25.68,77.92,78.2,1010.337,1010.377,240.5,407.7607,0,0.317,0.316,310.2,0.029,0.029,349
9/20/2016 7:18,2016,9,20,7,18,30.69,-88.2,56.1,26.06,25.93,25.71,25.64,75.24,77.63,1010.341,1010.401,243.4,412.6423,-0.032,0.296,0.215,69.74,0.632,0.568,16.94
9/20/2016 7:19,2016,9,20,7,19,30.69,-88.2,56.1,26.08,25.98,25.71,25.71,78.51,80.2,1010.339,1010.38,246.7,421.6681,0.051,0.32,0.316,29.66,0.423,0.392,38.29
9/20/2016 7:20,2016,9,20,7,20,30.69,-88.2,56.1,26,25.99,25.72,25.72,78.62,80.1,1010.36,1010.4,249.2,427.2163,0,0.02,0.019,348.9,0.005,0.005,59.48
9/20/2016 7:21,2016,9,20,7,21,30.69,-88.2,56.1,26,25.98,25.75,25.72,75.95,78.81,1010.354,1010.375,253,433.7686,0.011,0.113,0.105,320.3,0.34,0.302,19.13
9/20/2016 7:22,2016,9,20,7,22,30.69,-88.2,56.1,26.04,25.97,25.72,25.84,79.07,80.1,1010.334,1010.375,255.8,439.186,-0.002,0.632,0.539,67.11,0.43,0.37,51.95
9/20/2016 7:23,2016,9,20,7,23,30.69,-88.2,56.1,26.09,26,25.61,25.73,76.03,78.39,1010.357,1010.397,259.5,446.0067,-0.018,0.503,0.453,67.44,0.725,0.668,58.3
9/20/2016 7:24,2016,9,20,7,24,30.69,-88.2,56.1,26.19,26.04,25.49,25.7,75,77.51,1010.357,1010.397,262.5,451.8893,-0.435,0.542,0.432,87.6,1.058,0.931,55.02
9/20/2016 7:25,2016,9,20,7,25,30.69,-88.2,56.1,26.3,26.04,25.45,25.67,77.2,79.67,1010.374,1010.415,265.6,457.9075,0.108,0.519,0.491,98.9,0.987,0.868,67.4
9/20/2016 7:26,2016,9,20,7,26,30.69,-88.2,56.1,26.46,26.15,25.52,25.77,77.16,80.5,1010.357,1010.397,268.1,461.9218,-0.002,0.294,0.267,68.31,0.688,0.633,29.24
9/20/2016 7:27,2016,9,20,7,27,30.69,-88.2,56.1,26.46,26.25,25.51,25.73,75.65,76.62,1010.374,1010.414,271.3,467.4711,-0.014,0.301,0.286,5.665,0.794,0.738,8.31
9/20/2016 7:28,2016,9,20,7,28,30.69,-88.2,56.1,26.41,26.22,25.52,25.72,74.71,78.17,1010.374,1010.434,275.9,475.1587,0,0.578,0.442,15.62,1.246,1.073,49.72
9/20/2016 7:29,2016,9,20,7,29,30.69,-88.2,56.1,26.44,26.21,25.55,25.72,75.52,77.61,1010.392,1010.453,278.2,480.5113,0.197,0.701,0.677,91.1,0.938,0.911,62.61
9/20/2016 7:30,2016,9,20,7,30,30.69,-88.2,56.1,26.62,26.27,25.68,25.92,76.31,78.02,1010.393,1010.433,280.4,483.1201,-0.123,0.56,0.524,93.5,0.536,0.499,65.39
9/20/2016 7:31,2016,9,20,7,31,30.69,-88.2,56.1,26.66,26.34,25.75,25.99,73.49,77.5,1010.371,1010.431,284.1,489.8065,-0.638,0.644,0.622,69.91,0.668,0.634,52.9
9/20/2016 7:32,2016,9,20,7,32,30.69,-88.2,56.1,26.63,26.37,25.75,25.94,73.26,77.08,1010.371,1010.411,287.5,495.5556,0.045,0.268,0.11,50.83,0.951,0.786,78.37
9/20/2016 7:33,2016,9,20,7,33,30.69,-88.2,56.1,26.69,26.37,25.78,25.94,75.34,78.08,1010.39,1010.41,290.4,501.3727,0.081,0.541,0.517,92.4,0.735,0.664,56.86
9/20/2016 7:34,2016,9,20,7,34,30.69,-88.2,56.1,26.73,26.41,26.02,26.12,76.45,78.46,1010.371,1010.411,294.4,507.1227,0.008,0.343,0.271,104.6,0.108,0.096,68.11
9/20/2016 7:35,2016,9,20,7,35,30.69,-88.2,56.1,26.84,26.49,26.02,26.17,75.91,76.84,1010.39,1010.43,297.9,513.3426,0.044,0.266,0.255,79.89,0.639,0.582,84.9
9/20/2016 7:36,2016,9,20,7,36,30.69,-88.2,56.1,26.84,26.52,26.09,26.23,73.97,78.59,1010.37,1010.41,300.9,518.4901,0.006,0.8,0.787,91.5,0.727,0.686,50.42
9/20/2016 7:37,2016,9,20,7,37,30.69,-88.2,56.1,26.86,26.59,26.1,26.25,73.19,76.77,1010.369,1010.409,304,523.4416,0.148,0.724,0.683,86.9,0.851,0.774,54.33
9/20/2016 7:38,2016,9,20,7,38,30.69,-88.2,56.1,26.82,26.59,26.11,26.22,74.46,79.08,1010.37,1010.41,306.8,528.0601,0,0.897,0.883,72.12,0.66,0.589,23.94
9/20/2016 7:39,2016,9,20,7,39,30.69,-88.2,56.1,26.83,26.6,26.24,26.3,73.01,76.44,1010.371,1010.411,309.7,532.7423,-0.295,0.805,0.775,74.39,0.431,0.394,36.72
9/20/2016 7:40,2016,9,20,7,40,30.69,-88.2,56.1,26.82,26.63,26.21,26.34,73.14,76.54,1010.411,1010.451,313.7,539.9623,-0.23,0.599,0.499,56.75,1.003,0.946,36.65
9/20/2016 7:41,2016,9,20,7,41,30.69,-88.2,56.1,26.8,26.6,26.22,26.28,75.2,77.72,1010.39,1010.45,316.2,545.2479,0.069,0.297,0.177,122.9,1.22,0.991,56.68
9/20/2016 7:42,2016,9,20,7,42,30.69,-88.2,56.1,26.89,26.63,26.25,26.33,75.02,76.12,1010.433,1010.473,319.9,551.7361,0,0.916,0.901,105.4,0.91,0.808,66.38
9/20/2016 7:43,2016,9,20,7,43,30.69,-88.2,56.1,26.99,26.69,26.3,26.41,74.58,77.49,1010.413,1010.494,323,556.2803,0.039,0.544,0.489,107.1,0.939,0.857,61.8
9/20/2016 7:44,2016,9,20,7,44,30.69,-88.2,56.1,27.07,26.78,26.4,26.52,74.21,76.17,1010.454,1010.494,325.8,561.2274,0.22,0.428,0.404,85,0.689,0.611,61.65
9/20/2016 7:45,2016,9,20,7,45,30.69,-88.2,56.1,27.08,26.8,26.44,26.45,72.77,76.82,1010.472,1010.532,328.7,566.0417,0.038,0.632,0.447,84.5,0.786,0.554,67.92
9/20/2016 7:46,2016,9,20,7,46,30.69,-88.2,56.1,27.05,26.87,26.51,26.55,74.35,76.49,1010.493,1010.553,332.2,572.2621,0.163,0.485,0.089,233.5,0.274,0.229,128.5
9/20/2016 7:47,2016,9,20,7,47,30.69,-88.2,56.1,26.99,26.87,26.48,26.56,71.13,74.6,1010.513,1010.534,334.6,576.4788,0.23,0.746,0.47,33.7,1.323,1.186,60.22
9/20/2016 7:48,2016,9,20,7,48,30.69,-88.2,56.1,27.05,26.86,26.58,26.61,72.06,74.48,1010.513,1010.574,336.9,579.2866,-0.267,0.142,0.036,242.8,0.431,0.206,8.56
9/20/2016 7:49,2016,9,20,7,49,30.69,-88.2,56.1,27.03,26.95,26.53,26.63,70.4,74.85,1010.532,1010.572,340.1,585.6417,0.011,0.737,0.629,30.09,1.573,1.444,28.81
9/20/2016 7:50,2016,9,20,7,50,30.69,-88.2,56.1,27.09,26.93,26.54,26.63,71.01,73.09,1010.535,1010.555,343.2,591.5305,-0.399,1.204,1.153,93.5,1.428,1.098,65.2
9/20/2016 7:51,2016,9,20,7,51,30.69,-88.2,56.1,27.13,26.93,26.43,26.61,71.04,74.07,1010.535,1010.575,346.7,598.1512,-0.03,1.374,1.3,91.9,2.194,2.024,74.09
9/20/2016 7:52,2016,9,20,7,52,30.69,-88.2,56.1,27.11,26.91,26.44,26.67,73.56,75.37,1010.495,1010.575,349,601.494,-0.134,1.326,1.261,101.1,1.736,1.624,60.08
9/20/2016 7:53,2016,9,20,7,53,30.69,-88.2,56.1,27.21,26.98,26.61,26.82,71.08,75.14,1010.491,1010.551,353.3,608.7161,-0.285,0.704,0.663,100.3,0.532,0.485,75.7
9/20/2016 7:54,2016,9,20,7,54,30.69,-88.2,56.1,27.28,27.06,26.71,26.89,70.55,73.2,1010.532,1010.572,355.9,612.5308,-0.604,0.614,0.509,79.17,0.844,0.757,62.17
9/20/2016 7:55,2016,9,20,7,55,30.69,-88.2,56.1,27.25,27.15,26.79,26.92,70.77,73.07,1010.492,1010.573,359.2,618.0161,-0.164,0.585,0.557,30.7,0.861,0.735,55.13
9/20/2016 7:56,2016,9,20,7,56,30.69,-88.2,56.1,27.2,27.12,26.69,26.86,72.06,73.4,1010.553,1010.593,361.6,621.292,-0.375,1.302,1.038,80.6,1.725,1.34,59.29
9/20/2016 7:57,2016,9,20,7,57,30.69,-88.2,56.1,27.27,27.14,26.8,26.92,70.42,73.47,1010.509,1010.569,365.9,629.1193,0.006,0.642,0.332,17.35,0.684,0.495,72.37
9/20/2016 7:58,2016,9,20,7,58,30.69,-88.2,56.1,27.32,27.15,26.75,26.95,73.38,74.4,1010.51,1010.57,368,631.5999,0.401,1.338,1.293,100.9,1.692,1.566,77.42
9/20/2016 7:59,2016,9,20,7,59,30.69,-88.2,56.1,27.29,27.18,26.69,26.9,70.64,73.46,1010.511,1010.552,372,639.0239,0.328,0.689,0.482,10.55,1.511,1.293,58.23
9/20/2016 8:00,2016,9,20,8,0,30.69,-88.2,56.1,27.36,27.18,26.7,26.93,70.29,73.62,1010.511,1010.572,374.6,642.5005,-0.256,1.067,0.944,83.8,1.485,1.395,47.65
9/20/2016 8:01,2016,9,20,8,1,30.69,-88.2,56.1,27.44,27.22,26.85,27.02,73.75,75.15,1010.49,1010.53,377.8,647.921,0.002,0.524,0.503,358.7,0.864,0.767,53.42
9/20/2016 8:02,2016,9,20,8,2,30.69,-88.2,56.1,27.65,27.35,26.96,27.19,72.19,74.75,1010.491,1010.531,380.6,652.2681,0.328,1.022,1.01,90.9,1.168,1.127,68.98
9/20/2016 8:03,2016,9,20,8,3,30.69,-88.2,56.1,27.54,27.39,26.93,27.14,70.2,72.31,1010.512,1010.572,384.9,659.9578,0,0.893,0.831,19.2,1.109,0.88,34.12
9/20/2016 8:04,2016,9,20,8,4,30.69,-88.2,56.1,27.67,27.45,27,27.16,69.92,72.49,1010.492,1010.572,387.1,662.9664,0.041,0.219,0.158,54.1,0.761,0.706,41.5
9/20/2016 8:05,2016,9,20,8,5,30.69,-88.2,56.1,27.83,27.53,27.08,27.25,71.89,74.07,1010.509,1010.569,390.9,669.0542,0.026,0.472,0.427,114.8,1.109,0.99,63.3
9/20/2016 8:06,2016,9,20,8,6,30.69,-88.2,56.1,27.92,27.58,27.07,27.26,69.86,71.89,1010.51,1010.57,394,674.2081,-0.032,0.577,0.45,74.79,1.344,1.123,68.24
9/20/2016 8:07,2016,9,20,8,7,30.69,-88.2,56.1,27.95,27.65,27.04,27.27,70,73,1010.491,1010.551,397.1,680.7621,-0.041,1.344,1.27,79.86,1.846,1.795,71.8
9/20/2016 8:08,2016,9,20,8,8,30.69,-88.2,56.1,27.8,27.65,26.94,27.21,68.49,71.89,1010.511,1010.551,400,685.9103,-0.205,1.436,1.205,62.53,2.22,1.987,45.41
9/20/2016 8:09,2016,9,20,8,9,30.69,-88.2,56.1,27.69,27.55,26.82,27.12,69.65,72.41,1010.49,1010.55,402.7,691.8623,-0.366,1.334,1.212,88.9,2.161,2.022,51.93
9/20/2016 8:10,2016,9,20,8,10,30.69,-88.2,56.1,27.73,27.52,26.95,27.22,69.37,72.64,1010.493,1010.533,406.4,697.2152,-0.224,0.693,0.589,88.4,1.053,0.965,65.62
9/20/2016 8:11,2016,9,20,8,11,30.69,-88.2,56.1,27.89,27.6,27.13,27.33,69.46,73.21,1010.474,1010.514,408.8,699.7563,-0.292,0.567,0.492,61.62,0.75,0.557,57
9/20/2016 8:12,2016,9,20,8,12,30.69,-88.2,56.1,27.81,27.66,27.17,27.38,70.36,72.06,1010.494,1010.534,412.2,704.169,0.002,0.595,0.411,343.5,0.699,0.512,62.55
9/20/2016 8:13,2016,9,20,8,13,30.69,-88.2,56.1,27.93,27.7,27.18,27.42,70.09,71.69,1010.492,1010.532,414.8,709.1868,-0.096,1.302,1.251,84.8,1.512,1.342,62.06
9/20/2016 8:14,2016,9,20,8,14,30.69,-88.2,56.1,27.9,27.71,27.08,27.33,67.79,72,1010.517,1010.557,418.9,716.55,0.294,1.016,0.874,48.55,1.722,1.626,44.03
9/20/2016 8:15,2016,9,20,8,15,30.69,-88.2,56.1,28.08,27.79,27.18,27.38,69.45,73.03,1010.517,1010.577,420.9,719.5598,0.018,0.728,0.691,78.05,1.263,1.046,51.91
9/20/2016 8:16,2016,9,20,8,16,30.69,-88.2,56.1,28.19,27.88,27.32,27.52,69.83,72.32,1010.557,1010.577,423.8,723.6382,0.078,1.045,1.009,91.2,1.011,0.649,44.64
9/20/2016 8:17,2016,9,20,8,17,30.69,-88.2,56.1,28.34,28,27.45,27.66,68.24,70.78,1010.532,1010.593,426.4,726.9789,-0.417,0.634,0.572,75.2,1.076,1.014,56.03
9/20/2016 8:18,2016,9,20,8,18,30.69,-88.2,56.1,28.37,28.07,27.4,27.58,67.61,71.26,1010.537,1010.598,428.9,731.3961,-0.149,0.875,0.772,77.79,1.676,1.604,47.88
9/20/2016 8:19,2016,9,20,8,19,30.69,-88.2,56.1,28.27,28.04,27.42,27.6,67.37,71.38,1010.555,1010.595,432.5,736.4172,0.074,0.753,0.708,77.52,1.006,0.878,16.08
9/20/2016 8:20,2016,9,20,8,20,30.69,-88.2,56.1,28.12,28.04,27.51,27.62,68.17,72.07,1010.555,1010.615,435.4,741.4318,0,0.681,0.67,25.71,0.697,0.584,51.68
9/20/2016 8:21,2016,9,20,8,21,30.69,-88.2,56.1,28.17,28.07,27.39,27.62,68.27,70.31,1010.553,1010.593,438.9,747.7159,-0.018,1.119,1.044,78.5,1.939,1.898,69.87
9/20/2016 8:22,2016,9,20,8,22,30.69,-88.2,56.1,28.36,28.1,27.35,27.61,68.08,70.9,1010.554,1010.614,441.4,753.5384,-0.018,1.23,1.211,86.6,1.72,1.684,75.14
9/20/2016 8:23,2016,9,20,8,23,30.69,-88.2,56.1,28.26,28.05,27.2,27.49,68.03,71.25,1010.554,1010.614,444.7,759.8915,0.129,1.924,1.893,84.5,2.243,2.211,70.72
9/20/2016 8:24,2016,9,20,8,24,30.69,-88.2,56.1,28.08,28,27.18,27.5,68.42,71.63,1010.554,1010.614,447.2,765.3742,-0.002,1.526,1.469,60.74,2.202,2.167,61.03
9/20/2016 8:25,2016,9,20,8,25,30.69,-88.2,56.1,28.14,27.96,27.13,27.49,69.59,71.8,1010.552,1010.612,450.5,770.3263,0.202,1.563,1.475,76.2,2.543,2.52,71.87
9/20/2016 8:26,2016,9,20,8,26,30.69,-88.2,56.1,28.23,27.98,27.16,27.53,69.25,71.16,1010.575,1010.615,453.3,775.749,-0.002,2.011,1.99,83,2.478,2.457,70.25
9/20/2016 8:27,2016,9,20,8,27,30.69,-88.2,56.1,28.31,28.01,27.15,27.47,68.8,71.76,1010.575,1010.615,455.9,779.6291,-0.26,1.532,1.493,85.2,2.233,2.21,75.98
9/20/2016 8:28,2016,9,20,8,28,30.69,-88.2,56.1,28.3,28.02,27.28,27.61,69.15,72.65,1010.595,1010.656,459,783.3735,-0.002,1.504,1.367,68.67,1.756,1.732,61.53
9/20/2016 8:29,2016,9,20,8,29,30.69,-88.2,56.1,28.39,28.1,27.35,27.74,68.72,71.56,1010.573,1010.634,460.5,785.9861,-0.044,1.581,1.557,77.93,2.347,2.323,66.7
9/20/2016 8:30,2016,9,20,8,30,30.69,-88.2,56.1,28.31,28.09,27.39,27.76,68.14,72.05,1010.574,1010.614,464.5,792.3455,-0.078,1.872,1.825,84.3,2.239,2.212,67.2
9/20/2016 8:31,2016,9,20,8,31,30.69,-88.2,56.1,28.36,28.1,27.46,27.88,69.25,71.04,1010.554,1010.614,467,795.688,0.026,1.767,1.74,70.52,2.161,2.128,67.05
9/20/2016 8:32,2016,9,20,8,32,30.69,-88.2,56.1,28.44,28.17,27.57,27.95,69.41,71.41,1010.574,1010.614,470.5,800.4354,0.477,1.24,1.174,75.22,1.661,1.536,59.76
9/20/2016 8:33,2016,9,20,8,33,30.69,-88.2,56.1,28.53,28.28,27.77,28.1,70.92,70.46,1010.552,1010.613,473.6,804.45,-0.709,0.583,0.355,356.7,0.907,0.613,53.75
9/20/2016 8:34,2016,9,20,8,34,30.69,-88.2,56.1,28.66,28.38,27.91,28.22,67.53,69.02,1010.573,1010.633,476.5,806.1271,-0.501,0.776,0.706,74.48,1.032,0.859,74.67
9/20/2016 8:35,2016,9,20,8,35,30.69,-88.2,56.1,28.77,28.5,27.87,28.16,65.24,68.17,1010.594,1010.634,479.9,812.1495,-0.251,0.799,0.748,72.18,1.197,1.117,59.82
9/20/2016 8:36,2016,9,20,8,36,30.69,-88.2,56.1,28.72,28.5,27.73,28.01,65.15,68.37,1010.594,1010.654,482.4,817.2982,-0.398,1.073,0.972,87.3,1.908,1.83,69.35
9/20/2016 8:37,2016,9,20,8,37,30.69,-88.2,56.1,28.62,28.43,27.62,27.85,65.44,69.69,1010.592,1010.672,484.8,821.715,-0.002,1.586,1.525,93.9,1.836,1.618,64.8
9/20/2016 8:38,2016,9,20,8,38,30.69,-88.2,56.1,28.63,28.36,27.58,27.89,65.18,67.2,1010.599,1010.68,488.6,827.2044,-0.002,1.429,1.398,76.88,1.48,1.391,62.36
9/20/2016 8:39,2016,9,20,8,39,30.69,-88.2,56.1,28.63,28.35,27.55,27.86,67.33,69.14,1010.619,1010.659,491.4,832.6223,0.191,1.421,1.353,76.28,2.277,2.255,69.02
9/20/2016 8:40,2016,9,20,8,40,30.69,-88.2,56.1,28.8,28.41,27.65,27.99,66.97,69.66,1010.619,1010.659,494.6,838.8408,0.081,1.383,1.313,82.8,1.869,1.811,69.55
9/20/2016 8:41,2016,9,20,8,41,30.69,-88.2,56.1,28.87,28.48,27.66,28.03,64.93,68.38,1010.638,1010.658,497.2,842.65,0.051,1.403,1.356,89.5,1.913,1.862,67.19
9/20/2016 8:42,2016,9,20,8,42,30.69,-88.2,56.1,28.73,28.48,27.65,28.04,64.82,67.73,1010.64,1010.68,499.7,846.7377,-0.093,1.864,1.801,68.05,2.265,2.205,62.14
9/20/2016 8:43,2016,9,20,8,43,30.69,-88.2,56.1,28.8,28.49,27.73,28.08,66.72,68.44,1010.659,1010.699,501.7,849.7538,-0.002,1.302,1.238,83.4,1.601,1.565,72.67
9/20/2016 8:44,2016,9,20,8,44,30.69,-88.2,56.1,29.1,28.63,27.92,28.27,68.58,69.99,1010.639,1010.699,504.9,853.7659,0.318,0.603,0.54,74.08,1.352,1.285,58.63
9/20/2016 8:45,2016,9,20,8,45,30.69,-88.2,56.1,29.14,28.8,28.02,28.39,64.77,68.04,1010.636,1010.677,508,856.8475,0.056,1.057,1.046,63.56,1.483,1.454,69.76
9/20/2016 8:46,2016,9,20,8,46,30.69,-88.2,56.1,29.17,28.81,28.07,28.42,66.33,68.02,1010.656,1010.656,510.3,861.3359,0.015,1.426,1.361,80.9,1.805,1.772,80.7
9/20/2016 8:47,2016,9,20,8,47,30.69,-88.2,56.1,29.35,28.91,28.19,28.56,66.15,69.46,1010.616,1010.656,513.2,865.5481,0.375,1.315,1.287,91.9,1.405,1.347,72.6
9/20/2016 8:48,2016,9,20,8,48,30.69,-88.2,56.1,29.22,28.94,28.29,28.61,66.29,67.7,1010.656,1010.717,514.9,867.9553,-0.23,1.166,1.078,45.54,1.339,1.242,11.02
9/20/2016 8:49,2016,9,20,8,49,30.69,-88.2,56.1,29.2,28.96,28.46,28.72,66.26,69.18,1010.634,1010.674,517.8,871.0344,0.026,0.929,0.903,67.25,0.82,0.78,60.64
9/20/2016 8:50,2016,9,20,8,50,30.69,-88.2,56.1,29.49,29.06,28.67,28.89,66.37,68.99,1010.657,1010.697,520.9,872.7828,0.104,0.338,0.294,82.5,0.426,0.345,40.62
9/20/2016 8:51,2016,9,20,8,51,30.69,-88.2,56.1,29.66,29.25,28.81,28.95,65.64,68.83,1010.637,1010.697,522.5,875.4581,0.178,0.539,0.496,356.5,0.702,0.587,65.42
9/20/2016 8:52,2016,9,20,8,52,30.69,-88.2,56.1,29.87,29.41,28.99,29.14,65.4,66.77,1010.637,1010.677,526.1,878.8685,0.288,0.227,0.162,348.4,0.441,0.319,79.88
9/20/2016 8:53,2016,9,20,8,53,30.69,-88.2,56.1,29.94,29.57,28.97,29.19,65.54,66.78,1010.636,1010.697,529.1,884.7535,0.083,1.54,1.48,80.6,1.199,1.132,59.7
9/20/2016 8:54,2016,9,20,8,54,30.69,-88.2,56.1,30.01,29.61,29.06,29.3,68.61,69.93,1010.618,1010.659,530.8,887.3023,0.268,1.383,1.232,87.4,0.967,0.929,61.42
9/20/2016 8:55,2016,9,20,8,55,30.69,-88.2,56.1,29.95,29.64,29.04,29.25,63.46,66.47,1010.636,1010.676,532.7,892.3201,0.002,0.812,0.781,66.26,0.991,0.937,65.29
9/20/2016 8:56,2016,9,20,8,56,30.69,-88.2,56.1,29.98,29.67,29.08,29.25,64.17,68.18,1010.636,1010.696,536.7,898.5391,-0.002,0.903,0.838,76.12,1.245,1.18,63.07
9/20/2016 8:57,2016,9,20,8,57,30.69,-88.2,56.1,30.04,29.7,29.1,29.33,63.47,67.44,1010.636,1010.676,538.7,901.7546,0.044,0.742,0.731,59.32,0.911,0.876,64.27
9/20/2016 8:58,2016,9,20,8,58,30.69,-88.2,56.1,30.02,29.72,29,29.21,64.33,66.46,1010.62,1010.66,543,907.9821,-0.002,0.954,0.933,75.27,1.089,1.075,69.32
9/20/2016 8:59,2016,9,20,8,59,30.69,-88.2,56.1,30.1,29.73,29.02,29.26,64.04,67.51,1010.622,1010.682,544.6,911.0612,-0.038,1.018,0.98,89.6,1.406,1.347,72.08
9/20/2016 9:00,2016,9,20,9,0,30.69,-88.2,56.1,29.97,29.72,28.89,29.19,62.63,65.81,1010.642,1010.682,547.4,918.1496,-0.176,1.383,1.349,73.01,1.704,1.68,52.47
9/20/2016 9:01,2016,9,20,9,1,30.69,-88.2,56.1,30.03,29.73,28.92,29.22,62.43,65.99,1010.618,1010.679,550.6,923.6354,-0.005,0.742,0.676,68.03,1.375,1.28,68.02
9/20/2016 9:02,2016,9,20,9,2,30.69,-88.2,56.1,30.17,29.81,29.01,29.29,64.5,67.27,1010.622,1010.662,552,926.6506,0.008,0.539,0.505,84.4,1.116,1.021,67.65
9/20/2016 9:03,2016,9,20,9,3,30.69,-88.2,56.1,30.13,29.81,29.11,29.38,62.5,66.04,1010.623,1010.663,554.3,928.925,-0.002,1.272,1.192,77.54,1.54,1.487,73.67
9/20/2016 9:04,2016,9,20,9,4,30.69,-88.2,56.1,30.24,29.88,29.13,29.5,62.47,64.75,1010.643,1010.683,557.3,934.7429,0.011,1.55,1.501,74.63,1.705,1.636,59.29
9/20/2016 9:05,2016,9,20,9,5,30.69,-88.2,56.1,30.22,29.88,29.16,29.48,62.86,66.81,1010.662,1010.702,561.2,941.7022,-0.002,1.829,1.756,83.2,1.625,1.555,62.62
9/20/2016 9:06,2016,9,20,9,6,30.69,-88.2,56.1,30.14,29.85,29.05,29.43,60.96,61.97,1010.665,1010.705,562.9,945.4548,0.02,1.406,1.354,73.79,2.148,2.093,67.28
9/20/2016 9:07,2016,9,20,9,7,30.69,-88.2,56.1,30.04,29.79,28.82,29.12,59.56,64.81,1010.643,1010.703,565.3,951.0114,-0.126,1.918,1.838,79.1,2.708,2.663,68.53
9/20/2016 9:08,2016,9,20,9,8,30.69,-88.2,56.1,29.98,29.75,28.94,29.24,60.68,64.05,1010.623,1010.663,566.5,952.3489,0.129,1.612,1.559,95.4,1.372,1.275,71.12
9/20/2016 9:09,2016,9,20,9,9,30.69,-88.2,56.1,29.81,29.73,28.9,29.26,59.97,63.39,1010.642,1010.702,569.2,956.6965,-0.2,1.395,0.857,35.94,2.078,1.961,34.46
9/20/2016 9:10,2016,9,20,9,10,30.69,-88.2,56.1,29.64,29.67,28.81,29.18,61.01,64.04,1010.645,1010.665,572.5,962.9246,-0.235,1.201,1.105,42.16,1.962,1.809,45.43
9/20/2016 9:11,2016,9,20,9,11,30.69,-88.2,56.1,29.77,29.62,29.03,29.29,65.41,67.24,1010.625,1010.665,574.3,964.1313,-0.033,0.755,0.692,72.53,1.449,1.297,77.9
9/20/2016 9:12,2016,9,20,9,12,30.69,-88.2,56.1,29.78,29.69,28.93,29.28,61.14,62.9,1010.605,1010.665,577.3,969.2138,0.185,1.163,1.05,76.6,2.171,2.055,73.85
9/20/2016 9:13,2016,9,20,9,13,30.69,-88.2,56.1,29.92,29.67,28.87,29.22,63,65.1,1010.583,1010.643,578.6,973.3666,0.155,1.764,1.74,84,2.375,2.341,72.78
9/20/2016 9:14,2016,9,20,9,14,30.69,-88.2,56.1,29.92,29.67,29.04,29.4,65.27,66.2,1010.606,1010.626,580.8,974.7761,-0.002,1.295,1.066,93.9,1.597,1.389,62.52
9/20/2016 9:15,2016,9,20,9,15,30.69,-88.2,56.1,29.95,29.75,29.05,29.44,61.88,63.23,1010.606,1010.646,585.1,979.7291,-0.315,1.15,1.069,58.26,1.602,1.456,43.2
9/20/2016 9:16,2016,9,20,9,16,30.69,-88.2,56.1,30.02,29.81,29.16,29.4,64.12,65.49,1010.546,1010.626,587.4,980.3978,0.075,0.263,0.194,352.1,0.467,0.376,57.24
9/20/2016 9:17,2016,9,20,9,17,30.69,-88.2,56.1,30.04,29.87,29.23,29.55,63.28,64.29,1010.524,1010.584,590.5,985.6885,-0.002,0.875,0.721,96.1,1.491,1.448,75.07
9/20/2016 9:18,2016,9,20,9,18,30.69,-88.2,56.1,30.22,29.96,29.28,29.56,63.78,65.33,1010.509,1010.549,592.5,988.4365,0.151,1.13,1.063,88.1,1.821,1.768,64.76
9/20/2016 9:19,2016,9,20,9,19,30.69,-88.2,56.1,30.41,30.05,29.32,29.66,62.77,64.72,1010.508,1010.528,595.6,994.7277,0.182,1.274,1.226,73.41,2.125,2.067,68.05
9/20/2016 9:20,2016,9,20,9,20,30.69,-88.2,56.1,30.39,30.11,29.12,29.6,59.72,62.38,1010.508,1010.548,599.1,1002.218,0.139,1.895,1.814,80.1,2.839,2.802,71.75
9/20/2016 9:21,2016,9,20,9,21,30.69,-88.2,56.1,30.33,30.05,29.07,29.43,61.13,63.48,1010.486,1010.546,601.1,1007.367,-0.143,1.565,1.501,74.13,2.319,2.262,71.73
9/20/2016 9:22,2016,9,20,9,22,30.69,-88.2,56.1,30.39,30.09,29.13,29.47,60.83,63.4,1010.49,1010.53,601.7,1007.308,-0.295,1.468,1.304,79.41,2.372,2.286,67.27
9/20/2016 9:23,2016,9,20,9,23,30.69,-88.2,56.1,30.33,30.1,29.31,29.63,60.48,64.29,1010.509,1010.549,605.2,1010.387,0.072,0.763,0.632,48.45,0.74,0.718,43.84
9/20/2016 9:24,2016,9,20,9,24,30.69,-88.2,56.1,30.34,30.15,29.37,29.76,60.33,62.99,1010.489,1010.549,607.7,1012.862,-0.002,1.23,1.046,67.22,1.839,1.567,55.4
9/20/2016 9:25,2016,9,20,9,25,30.69,-88.2,56.1,30.58,30.26,29.4,29.77,61.41,63.88,1010.507,1010.547,609.5,1016.212,0.096,1.062,0.995,80.8,1.831,1.752,67.98
9/20/2016 9:26,2016,9,20,9,26,30.69,-88.2,56.1,30.59,30.3,29.45,29.77,59.79,64.28,1010.489,1010.569,612,1020.568,0.19,1.641,1.631,98.1,1.753,1.662,74.17
9/20/2016 9:27,2016,9,20,9,27,30.69,-88.2,56.1,30.55,30.28,29.52,29.82,60.98,64.35,1010.508,1010.548,613.8,1022.372,0.283,1.022,0.882,73.09,1.462,1.291,49.01
9/20/2016 9:28,2016,9,20,9,28,30.69,-88.2,56.1,30.44,30.32,29.55,29.87,59.09,62.05,1010.508,1010.548,616.8,1025.248,0.184,0.787,0.538,38.1,1.298,1.118,50.13
9/20/2016 9:29,2016,9,20,9,29,30.69,-88.2,56.1,30.31,30.25,29.48,29.76,59.17,62.42,1010.486,1010.546,617.7,1025.716,-0.301,0.632,0.03,165.8,0.946,0.818,20.33
9/20/2016 9:30,2016,9,20,9,30,30.69,-88.2,56.1,30.29,30.27,29.39,29.63,56.86,61.42,1010.51,1010.55,621.2,1032.679,-0.274,0.869,0.632,58.29,1.632,1.471,47.63
9/20/2016 9:31,2016,9,20,9,31,30.69,-88.2,56.1,30.3,30.21,29.51,29.71,60.62,62.53,1010.489,1010.529,624.7,1035.289,-0.002,0.498,0.201,275.4,0.578,0.495,146
9/20/2016 9:32,2016,9,20,9,32,30.69,-88.2,56.1,30.45,30.28,29.66,29.9,62.11,63.53,1010.489,1010.529,625.8,1036.56,0.429,0.939,0.789,67.82,1.379,1.324,60.95
9/20/2016 9:33,2016,9,20,9,33,30.69,-88.2,56.1,30.26,30.23,29.49,29.81,59.2,61.95,1010.426,1010.507,626.7,1039.977,-0.002,1.978,1.912,60.68,2.02,1.97,51.89
9/20/2016 9:34,2016,9,20,9,34,30.69,-88.2,56.1,30.16,30.14,29.47,29.78,61.39,62.27,1010.446,1010.507,629.9,1046.473,-0.083,1.552,1.51,50.08,1.932,1.839,60.64
9/20/2016 9:35,2016,9,20,9,35,30.69,-88.2,56.1,30.45,30.21,29.7,30.03,61.35,63.98,1010.428,1010.469,634,1052.825,0.221,1.259,1.197,86.4,1.552,1.436,79.8
9/20/2016 9:36,2016,9,20,9,36,30.69,-88.2,56.1,30.46,30.28,29.61,30.08,61.73,62.98,1010.428,1010.509,634,1053.695,-0.416,1.927,1.682,92,2.306,2.163,57.3
9/20/2016 9:37,2016,9,20,9,37,30.69,-88.2,56.1,30.45,30.29,29.63,30,60.33,63.88,1010.446,1010.546,635.7,1056.039,0.366,0.617,0.531,3.504,1.271,1.013,49.25
9/20/2016 9:38,2016,9,20,9,38,30.69,-88.2,56.1,30.57,30.36,29.6,29.98,58.88,62.34,1010.472,1010.513,636.4,1056.915,-0.527,1.477,1.396,87.9,1.947,1.866,76.38
9/20/2016 9:39,2016,9,20,9,39,30.69,-88.2,56.1,30.63,30.35,29.61,29.95,61.17,62.22,1010.493,1010.554,638.7,1061.058,-0.002,1.37,1.291,86.3,1.571,1.406,63.49
9/20/2016 9:40,2016,9,20,9,40,30.69,-88.2,56.1,30.61,30.37,29.5,29.9,57.92,61.24,1010.513,1010.554,641.4,1065.339,-0.005,1.241,1.165,92.6,1.645,1.413,71.39
9/20/2016 9:41,2016,9,20,9,41,30.69,-88.2,56.1,30.66,30.39,29.53,29.89,59.35,62.36,1010.53,1010.57,643.5,1068.346,0.02,1.173,1.08,85.7,1.615,1.568,69.18
9/20/2016 9:42,2016,9,20,9,42,30.69,-88.2,56.1,30.49,30.34,29.32,29.75,57.83,61.34,1010.554,1010.634,646.9,1075.781,-0.002,1.687,1.58,68.27,2.79,2.742,60.44
9/20/2016 9:43,2016,9,20,9,43,30.69,-88.2,56.1,30.53,30.33,29.31,29.67,58.71,61.94,1010.574,1010.615,648.3,1077.917,-0.196,0.686,0.591,32.05,1.715,1.541,44.69
9/20/2016 9:44,2016,9,20,9,44,30.69,-88.2,56.1,30.72,30.4,29.52,29.83,58.79,63.41,1010.554,1010.615,650.5,1078.652,-0.002,0.711,0.664,83.3,1.187,1.136,70.29
9/20/2016 9:45,2016,9,20,9,45,30.69,-88.2,56.1,30.65,30.41,29.56,29.95,58.05,61.79,1010.551,1010.631,653.4,1083.54,-0.367,1.664,1.517,86,2.029,1.928,89.6
9/20/2016 9:46,2016,9,20,9,46,30.69,-88.2,56.1,30.46,30.35,29.49,29.9,58.03,60.51,1010.576,1010.636,655.6,1087.696,-0.392,1.704,1.635,69.53,2.208,2.083,63.78
9/20/2016 9:47,2016,9,20,9,47,30.69,-88.2,56.1,30.45,30.28,29.44,29.8,58.42,61.76,1010.576,1010.637,657.2,1089.571,-0.483,1.264,1.054,61.53,1.744,1.511,43.04
9/20/2016 9:48,2016,9,20,9,48,30.69,-88.2,56.1,30.61,30.32,29.66,29.97,62.39,63.5,1010.576,1010.637,658.7,1089.371,0.396,0.477,0.371,53.92,1.142,1.071,71.68
9/20/2016 9:49,2016,9,20,9,49,30.69,-88.2,56.1,30.89,30.49,29.89,30.24,59.42,61.31,1010.592,1010.612,660.3,1090.376,0.024,1.027,1.002,72.36,1.284,1.243,77.07
9/20/2016 9:50,2016,9,20,9,50,30.69,-88.2,56.1,30.81,30.57,29.77,30.18,59.09,60.77,1010.578,1010.658,661.9,1091.854,0.241,1.48,1.405,71.74,1.635,1.555,64.53
9/20/2016 9:51,2016,9,20,9,51,30.69,-88.2,56.1,30.83,30.55,29.68,29.94,59.43,62.99,1010.615,1010.656,662.7,1093.727,-0.002,0.942,0.916,69.77,1.563,1.526,60.32
9/20/2016 9:52,2016,9,20,9,52,30.69,-88.2,56.1,31.09,30.63,29.99,30.28,62,63.8,1010.636,1010.676,665.7,1095.666,-0.465,0.926,0.812,85.1,1,0.784,35.96
9/20/2016 9:53,2016,9,20,9,53,30.69,-88.2,56.1,30.98,30.72,30,30.36,59.7,61.54,1010.612,1010.672,669.2,1100.616,-0.002,0.862,0.407,47.48,1.32,1.233,77.39
9/20/2016 9:54,2016,9,20,9,54,30.69,-88.2,56.1,31.05,30.77,30.04,30.36,58.44,63.21,1010.615,1010.655,671,1102.833,-0.312,1.282,1.222,77.94,1.544,1.405,65.91
9/20/2016 9:55,2016,9,20,9,55,30.69,-88.2,56.1,30.91,30.71,29.97,30.21,59.44,62.16,1010.653,1010.693,671.7,1105.908,-0.002,0.949,0.744,356.4,1.45,1.352,46.83
9/20/2016 9:56,2016,9,20,9,56,30.69,-88.2,56.1,31.15,30.82,30.13,30.41,58.32,62.19,1010.633,1010.714,674.5,1108.449,-0.172,0.671,0.609,74.47,1.152,1.079,78.77
9/20/2016 9:57,2016,9,20,9,57,30.69,-88.2,56.1,31.01,30.83,30.04,30.43,56.99,59.97,1010.63,1010.67,676.8,1114.401,-0.002,1.782,1.716,92,1.978,1.929,81.8
9/20/2016 9:58,2016,9,20,9,58,30.69,-88.2,56.1,30.96,30.73,29.99,30.36,58.05,61.05,1010.654,1010.694,678.6,1118.556,0.06,1.935,1.89,101,2.125,2.075,79.74
9/20/2016 9:59,2016,9,20,9,59,30.69,-88.2,56.1,30.93,30.68,29.88,30.26,59.35,61.66,1010.652,1010.712,680.8,1124.042,0.133,1.718,1.683,83.2,2.675,2.627,76.47
9/20/2016 10:00,2016,9,20,10,0,30.69,-88.2,56.1,30.96,30.66,29.95,30.39,59.82,61.08,1010.632,1010.672,682.3,1126.583,0.053,1.491,1.329,72.38,1.741,1.603,41.17
9/20/2016 10:01,2016,9,20,10,1,30.69,-88.2,56.1,30.78,30.69,29.97,30.29,61.63,62.36,1010.613,1010.673,684.3,1128.859,-0.185,1.129,1.111,12.4,1.552,1.405,50.94
9/20/2016 10:02,2016,9,20,10,2,30.69,-88.2,56.1,30.8,30.68,29.96,30.34,58.53,60.39,1010.598,1010.638,684.6,1126.854,-0.447,0.941,0.733,85.7,1.604,1.53,50.64
9/20/2016 10:03,2016,9,20,10,3,30.69,-88.2,56.1,31.02,30.78,30.06,30.42,58.19,60.84,1010.536,1010.596,689.2,1134.145,-0.002,0.846,0.813,102.1,1.679,1.641,74.87
9/20/2016 10:04,2016,9,20,10,4,30.69,-88.2,56.1,31.07,30.81,30.08,30.4,59.55,61.99,1010.556,1010.636,690,1133.878,-0.176,0.955,0.733,76.03,1.33,1.051,33.13
9/20/2016 10:05,2016,9,20,10,5,30.69,-88.2,56.1,31.14,30.91,30.1,30.4,58.24,61.11,1010.532,1010.572,687.4,1128.466,-0.002,0.363,0.187,344.7,1.3,1.088,31.07
9/20/2016 10:06,2016,9,20,10,6,30.69,-88.2,56.1,31.32,31.03,30.3,30.56,61.83,61.99,1010.515,1010.595,689.5,1130.543,0.745,0.49,0.284,52.62,0.962,0.811,67.53
9/20/2016 10:07,2016,9,20,10,7,30.69,-88.2,56.1,31.35,31.1,30.35,30.66,57.48,60.63,1010.535,1010.595,696.5,1139.978,-0.75,0.978,0.917,63.31,1.307,1.263,52.22
9/20/2016 10:08,2016,9,20,10,8,30.69,-88.2,56.1,31.18,31.12,30.31,30.58,57.76,61.57,1010.535,1010.595,696.6,1138.172,-0.617,0.952,0.807,1.466,1.552,1.396,31.84
9/20/2016 10:09,2016,9,20,10,9,30.69,-88.2,56.1,31.3,31.12,30.4,30.67,58.63,62.68,1010.516,1010.596,696.8,1140.516,0.02,1.276,1.191,81.9,1.544,1.437,73.35
9/20/2016 10:10,2016,9,20,10,10,30.69,-88.2,56.1,31.33,31.15,30.41,30.64,57.33,61,1010.522,1010.583,697,1141.32,-0.002,1.089,1.06,76.48,1.295,1.24,51.43
9/20/2016 10:11,2016,9,20,10,11,30.69,-88.2,56.1,31.46,31.23,30.52,30.73,59.06,61.48,1010.519,1010.579,698,1136.774,-0.042,0.746,0.674,85,0.675,0.63,69.45
9/20/2016 10:12,2016,9,20,10,12,30.69,-88.2,56.1,31.31,31.24,30.53,30.84,61.18,62.45,1010.519,1010.579,699.3,1140.854,1.019,1.382,1.119,54.89,1.89,1.802,67.84
9/20/2016 10:13,2016,9,20,10,13,30.69,-88.2,56.1,31.4,31.3,30.56,30.94,56.98,58.76,1010.559,1010.599,702.6,1149.35,-0.267,1.119,0.902,29,1.571,1.433,31.5
9/20/2016 10:14,2016,9,20,10,14,30.69,-88.2,56.1,31.45,31.32,30.5,30.77,55.98,58.93,1010.541,1010.601,704.7,1151.63,-0.163,0.335,0.169,40.83,1.161,1.104,37.54
9/20/2016 10:15,2016,9,20,10,15,30.69,-88.2,56.1,31.55,31.35,30.48,30.67,58.58,61.09,1010.538,1010.578,708.1,1156.647,0.721,0.536,0.441,110.5,1.068,0.954,80.8
9/20/2016 10:16,2016,9,20,10,16,30.69,-88.2,56.1,31.56,31.36,30.39,30.73,56.24,60.84,1010.558,1010.598,708.5,1158.386,0.343,1.204,0.9,46.08,1.901,1.739,43.45
9/20/2016 10:17,2016,9,20,10,17,30.69,-88.2,56.1,31.66,31.39,30.33,30.72,55.65,58.89,1010.513,1010.573,709.6,1159.857,-0.017,1.176,1.1,96,2.247,2.219,80.6
9/20/2016 10:18,2016,9,20,10,18,30.69,-88.2,56.1,31.55,31.27,30.45,30.8,54.55,59.06,1010.536,1010.596,712,1168.156,-0.059,2.016,1.917,80.4,2.236,2.096,71.36
9/20/2016 10:19,2016,9,20,10,19,30.69,-88.2,56.1,31.18,31.12,30.14,30.57,54.49,57.5,1010.577,1010.637,714,1174.174,-0.018,1.712,1.642,60.54,2.716,2.663,59.18
9/20/2016 10:20,2016,9,20,10,20,30.69,-88.2,56.1,31.23,31.02,30.25,30.52,55.98,59,1010.516,1010.597,715.7,1174.041,-0.023,0.477,0.4,145.2,0.42,0.309,344.5
9/20/2016 10:21,2016,9,20,10,21,30.69,-88.2,56.1,31.29,31.07,30.34,30.68,57.37,58.71,1010.496,1010.557,715.8,1171.971,0.096,0.882,0.804,73.4,1.225,1.097,87.7
9/20/2016 10:22,2016,9,20,10,22,30.69,-88.2,56.1,31.36,31.16,30.4,30.85,56.48,58.15,1010.479,1010.559,715.4,1171.11,-0.416,1.517,1.413,83.4,2.177,2.099,79.35
9/20/2016 10:23,2016,9,20,10,23,30.69,-88.2,56.1,31.44,31.19,30.46,30.8,58.48,59.97,1010.478,1010.498,718.2,1176.128,-0.002,1.38,1.285,111.6,1.615,1.52,75.2
9/20/2016 10:24,2016,9,20,10,24,30.69,-88.2,56.1,31.47,31.24,30.54,30.9,56.75,58.76,1010.458,1010.518,719.5,1178.402,-0.075,0.799,0.298,100.4,1.408,1.332,10.27
9/20/2016 10:25,2016,9,20,10,25,30.69,-88.2,56.1,31.44,31.29,30.52,30.87,58.76,59.2,1010.476,1010.516,721.8,1179.407,-0.012,0.536,0.414,20.63,1.522,1.445,27.03
9/20/2016 10:26,2016,9,20,10,26,30.69,-88.2,56.1,31.56,31.34,30.6,30.94,56.21,58.1,1010.46,1010.52,722.7,1178.749,-0.583,1.057,0.947,93.5,1.163,1.029,63.47
9/20/2016 10:27,2016,9,20,10,27,30.69,-88.2,56.1,31.46,31.33,30.51,30.84,56.68,57.64,1010.462,1010.542,724,1181.958,-0.309,1.315,1.097,79.17,1.88,1.62,50.54
9/20/2016 10:28,2016,9,20,10,28,30.69,-88.2,56.1,31.38,31.32,30.45,30.74,54.53,58.24,1010.482,1010.522,727,1188.58,-0.518,0.91,0.52,350.5,2.21,1.969,13.7
9/20/2016 10:29,2016,9,20,10,29,30.69,-88.2,56.1,31.32,31.25,30.57,30.82,56.01,60.4,1010.438,1010.479,728.9,1189.655,0.318,0.838,0.623,182.8,1.192,0.747,46.34
9/20/2016 10:30,2016,9,20,10,30,30.69,-88.2,56.1,31.5,31.34,30.79,31.13,61.54,59.1,1010.442,1010.503,728.3,1184.044,0.119,0.554,0.416,182.3,0.617,0.188,70.4
9/20/2016 10:31,2016,9,20,10,31,30.69,-88.2,56.1,31.49,31.42,30.83,31.16,54.16,57.23,1010.441,1010.481,728.4,1183.243,0.67,0.942,0.457,79.76,1.027,0.791,75.4
9/20/2016 10:32,2016,9,20,10,32,30.69,-88.2,56.1,31.41,31.35,30.7,31.02,55.19,57.81,1010.421,1010.481,731,1186.989,0.214,1.343,1.179,71.24,1.379,1.056,65.75
9/20/2016 10:33,2016,9,20,10,33,30.69,-88.2,56.1,31.23,31.32,30.58,30.84,55.82,58.7,1010.398,1010.438,735.4,1196.293,0.367,1.298,0.727,1.004,1.617,1.562,33.14
9/20/2016 10:34,2016,9,20,10,34,30.69,-88.2,56.1,31.39,31.3,30.63,30.94,55.09,58.24,1010.382,1010.402,734,1195.361,-0.002,1.107,1.044,99.2,1.22,1.088,68.66
9/20/2016 10:35,2016,9,20,10,35,30.69,-88.2,56.1,31.58,31.4,30.79,31.15,57.36,59.33,1010.361,1010.441,736.9,1197.496,0.032,0.841,0.797,76.33,1.414,1.329,63.55
9/20/2016 10:36,2016,9,20,10,36,30.69,-88.2,56.1,31.53,31.43,30.57,30.99,53.68,56.08,1010.381,1010.421,738.4,1201.308,0.166,1.673,1.611,73.01,2.321,2.28,63.39
9/20/2016 10:37,2016,9,20,10,37,30.69,-88.2,56.1,31.2,31.22,30.26,30.65,56.38,57.68,1010.338,1010.398,739.4,1207.4,-0.029,2.383,2.357,60.77,3.16,3.138,59.17
9/20/2016 10:38,2016,9,20,10,38,30.69,-88.2,56.1,31.28,31.16,30.3,30.69,55.41,59.14,1010.362,1010.402,741.2,1214.021,0.096,1.942,1.867,83.3,2.608,2.559,70.61
9/20/2016 10:39,2016,9,20,10,39,30.69,-88.2,56.1,31.44,31.27,30.47,30.92,55.24,57.28,1010.363,1010.403,742,1213.753,-0.08,1.063,0.97,82.2,1.772,1.615,52.83
9/20/2016 10:40,2016,9,20,10,40,30.69,-88.2,56.1,31.47,31.28,30.49,30.87,54.05,56.6,1010.323,1010.363,741.9,1211.479,0.414,1.258,1.226,98.6,1.612,1.53,75.47
9/20/2016 10:41,2016,9,20,10,41,30.69,-88.2,56.1,31.4,31.24,30.64,31.02,54.51,56.53,1010.319,1010.359,741.1,1209.338,0.012,1.692,1.562,99.9,1.656,1.319,61.94
9/20/2016 10:42,2016,9,20,10,42,30.69,-88.2,56.1,31.43,31.29,30.79,31.17,55.29,57.17,1010.323,1010.363,742.7,1210.346,-0.072,0.99,0.765,72.21,1.073,0.963,77.45
9/20/2016 10:43,2016,9,20,10,43,30.69,-88.2,56.1,31.43,31.38,30.82,31.16,56.64,57.57,1010.302,1010.362,745.3,1213.427,-0.002,1.062,0.949,14.24,1.694,1.647,17.07
