"TS","Year","Month","DayOfMon","Hour","Minute","Lat","Lon","Elev","WndSpd_2m_WVc_1","WndSpd_2m_WVc_3","WndSpd_10m_WVc_1","WndSpd_10m_WVc_3"
"2017-03-24 00:00:00","2017","3","24","0","0","30.69","-88.2","56.1","1.72","108.4","3.125","116.1"
"2017-03-24 00:01:00","2017","3","24","0","1","30.69","-88.2","56.1","1.826","92.1","2.571","96.7"
"2017-03-24 00:02:00","2017","3","24","0","2","30.69","-88.2","56.1","2.535","109.8","2.716","123.6"
"2017-03-24 00:03:00","2017","3","24","0","3","30.69","-88.2","56.1","1.668","88.9","2.457","109"
"2017-03-24 00:04:00","2017","3","24","0","4","30.69","-88.2","56.1","2.017","111","2.344","127"
"2017-03-24 00:05:00","2017","3","24","0","5","30.69","-88.2","56.1","2.086","104.1","3.781","115.3"
"2017-03-24 00:06:00","2017","3","24","0","6","30.69","-88.2","56.1","2.094","108.5","3.102","129.8"
"2017-03-24 00:07:00","2017","3","24","0","7","30.69","-88.2","56.1","2.806","134.1","4.335","128.1"
"2017-03-24 00:08:00","2017","3","24","0","8","30.69","-88.2","56.1","1.828","125.5","2.919","125.7"
"2017-03-24 00:09:00","2017","3","24","0","9","30.69","-88.2","56.1","2.063","92.6","3.211","114.3"
"2017-03-24 00:10:00","2017","3","24","0","10","30.69","-88.2","56.1","1.893","128.9","3.58","127.4"
"2017-03-24 00:11:00","2017","3","24","0","11","30.69","-88.2","56.1","2.163","96.7","2.824","103.9"
"2017-03-24 00:12:00","2017","3","24","0","12","30.69","-88.2","56.1","1.738","134.6","2.388","132.6"
"2017-03-24 00:13:00","2017","3","24","0","13","30.69","-88.2","56.1","1.738","106.4","3.469","130.3"
"2017-03-24 00:14:00","2017","3","24","0","14","30.69","-88.2","56.1","1.671","97.7","3.17","107.3"
"2017-03-24 00:15:00","2017","3","24","0","15","30.69","-88.2","56.1","1.772","108.4","3.513","129.8"
"2017-03-24 00:16:00","2017","3","24","0","16","30.69","-88.2","56.1","2.189","94.5","2.161","114.1"
"2017-03-24 00:17:00","2017","3","24","0","17","30.69","-88.2","56.1","1.779","95","2.777","107.2"
"2017-03-24 00:18:00","2017","3","24","0","18","30.69","-88.2","56.1","2.143","107.9","2.786","122.2"
"2017-03-24 00:19:00","2017","3","24","0","19","30.69","-88.2","56.1","3.183","111.8","4.944","130.4"
"2017-03-24 00:20:00","2017","3","24","0","20","30.69","-88.2","56.1","2.715","111.6","3.188","131"
"2017-03-24 00:21:00","2017","3","24","0","21","30.69","-88.2","56.1","2.484","96.4","3.084","124"
"2017-03-24 00:22:00","2017","3","24","0","22","30.69","-88.2","56.1","2.339","111.8","3.005","135.4"
"2017-03-24 00:23:00","2017","3","24","0","23","30.69","-88.2","56.1","1.498","114.7","2.275","128.2"
"2017-03-24 00:24:00","2017","3","24","0","24","30.69","-88.2","56.1","2.556","112.5","3.002","124.6"
"2017-03-24 00:25:00","2017","3","24","0","25","30.69","-88.2","56.1","1.681","110.5","1.864","126"
"2017-03-24 00:26:00","2017","3","24","0","26","30.69","-88.2","56.1","2.858","125.4","4.168","122.6"
"2017-03-24 00:27:00","2017","3","24","0","27","30.69","-88.2","56.1","2.145","124.2","3.696","126.7"
"2017-03-24 00:28:00","2017","3","24","0","28","30.69","-88.2","56.1","1.875","104.7","2.739","121.5"
"2017-03-24 00:29:00","2017","3","24","0","29","30.69","-88.2","56.1","3.167","98","4.983","116"
"2017-03-24 00:30:00","2017","3","24","0","30","30.69","-88.2","56.1","1.955","122.1","4.572","128.1"
"2017-03-24 00:31:00","2017","3","24","0","31","30.69","-88.2","56.1","1.924","113.4","2.053","132.6"
"2017-03-24 00:32:00","2017","3","24","0","32","30.69","-88.2","56.1","2.414","119.6","3.878","128.5"
"2017-03-24 00:33:00","2017","3","24","0","33","30.69","-88.2","56.1","2.729","115.1","4.074","119.8"
"2017-03-24 00:34:00","2017","3","24","0","34","30.69","-88.2","56.1","1.759","111.2","2.532","119.6"
"2017-03-24 00:35:00","2017","3","24","0","35","30.69","-88.2","56.1","2.466","105.6","2.746","116.4"
"2017-03-24 00:36:00","2017","3","24","0","36","30.69","-88.2","56.1","2.184","113.3","3.067","123"
"2017-03-24 00:37:00","2017","3","24","0","37","30.69","-88.2","56.1","4.797","108.2","5.989","115.2"
"2017-03-24 00:38:00","2017","3","24","0","38","30.69","-88.2","56.1","3.239","120.6","4.426","130.8"
"2017-03-24 00:39:00","2017","3","24","0","39","30.69","-88.2","56.1","2.254","126.3","3","132.2"
"2017-03-24 00:40:00","2017","3","24","0","40","30.69","-88.2","56.1","2.323","105","2.922","117.2"
"2017-03-24 00:41:00","2017","3","24","0","41","30.69","-88.2","56.1","1.544","104.7","2.352","134.4"
"2017-03-24 00:42:00","2017","3","24","0","42","30.69","-88.2","56.1","2.795","109.4","4.193","116.7"
"2017-03-24 00:43:00","2017","3","24","0","43","30.69","-88.2","56.1","3.273","111.7","3.593","132.2"
"2017-03-24 00:44:00","2017","3","24","0","44","30.69","-88.2","56.1","2.355","135.6","3.863","133.5"
"2017-03-24 00:45:00","2017","3","24","0","45","30.69","-88.2","56.1","1.743","123.5","3.17","127.8"
"2017-03-24 00:46:00","2017","3","24","0","46","30.69","-88.2","56.1","2.05","108.5","3.064","126.2"
"2017-03-24 00:47:00","2017","3","24","0","47","30.69","-88.2","56.1","1.517","105.7","2.94","126.1"
"2017-03-24 00:48:00","2017","3","24","0","48","30.69","-88.2","56.1","2.811","131.6","4.696","135.8"
"2017-03-24 00:49:00","2017","3","24","0","49","30.69","-88.2","56.1","3.546","109.2","5.116","130.6"
"2017-03-24 00:50:00","2017","3","24","0","50","30.69","-88.2","56.1","2.381","110.7","4.302","127.9"
"2017-03-24 00:51:00","2017","3","24","0","51","30.69","-88.2","56.1","3.471","99.1","4.044","118"
"2017-03-24 00:52:00","2017","3","24","0","52","30.69","-88.2","56.1","2.502","112.8","4.078","127.9"
"2017-03-24 00:53:00","2017","3","24","0","53","30.69","-88.2","56.1","2.257","112.5","3.428","126.9"
"2017-03-24 00:54:00","2017","3","24","0","54","30.69","-88.2","56.1","3.446","113.8","4.947","126.7"
"2017-03-24 00:55:00","2017","3","24","0","55","30.69","-88.2","56.1","2.136","109.9","3.172","128.7"
"2017-03-24 00:56:00","2017","3","24","0","56","30.69","-88.2","56.1","2.337","104.9","3.012","127"
"2017-03-24 00:57:00","2017","3","24","0","57","30.69","-88.2","56.1","2.437","115","3.404","129.6"
"2017-03-24 00:58:00","2017","3","24","0","58","30.69","-88.2","56.1","2.504","105.6","2.994","124.1"
"2017-03-24 00:59:00","2017","3","24","0","59","30.69","-88.2","56.1","1.455","103.9","2.731","126.6"
"2017-03-24 01:00:00","2017","3","24","1","0","30.69","-88.2","56.1","2.667","136.2","4.688","131.8"
"2017-03-24 01:01:00","2017","3","24","1","1","30.69","-88.2","56.1","2.084","112.9","3.231","118.4"
"2017-03-24 01:02:00","2017","3","24","1","2","30.69","-88.2","56.1","2.412","97.4","2.893","113.5"
"2017-03-24 01:03:00","2017","3","24","1","3","30.69","-88.2","56.1","2.022","125.5","3.352","124.3"
"2017-03-24 01:04:00","2017","3","24","1","4","30.69","-88.2","56.1","2.509","127.9","4.082","130.5"
"2017-03-24 01:05:00","2017","3","24","1","5","30.69","-88.2","56.1","2.107","116.8","3.343","126.6"
"2017-03-24 01:06:00","2017","3","24","1","6","30.69","-88.2","56.1","2.435","104.6","3.557","117"
"2017-03-24 01:07:00","2017","3","24","1","7","30.69","-88.2","56.1","2.042","99.5","2.793","120.3"
"2017-03-24 01:08:00","2017","3","24","1","8","30.69","-88.2","56.1","1.749","96.3","2.496","113.7"
"2017-03-24 01:09:00","2017","3","24","1","9","30.69","-88.2","56.1","1.821","100.3","2.412","129.1"
"2017-03-24 01:10:00","2017","3","24","1","10","30.69","-88.2","56.1","1.344","109.2","2.365","121.1"
"2017-03-24 01:11:00","2017","3","24","1","11","30.69","-88.2","56.1","2.909","122.2","4.147","138.2"
"2017-03-24 01:12:00","2017","3","24","1","12","30.69","-88.2","56.1","3.023","125.1","4.054","126.2"
"2017-03-24 01:13:00","2017","3","24","1","13","30.69","-88.2","56.1","2.43","134.5","3.36","128.6"
"2017-03-24 01:14:00","2017","3","24","1","14","30.69","-88.2","56.1","2.439","91.7","3.121","103.5"
"2017-03-24 01:15:00","2017","3","24","1","15","30.69","-88.2","56.1","2.871","117.6","3.806","137.2"
"2017-03-24 01:16:00","2017","3","24","1","16","30.69","-88.2","56.1","2.447","123.2","3.409","133.5"
"2017-03-24 01:17:00","2017","3","24","1","17","30.69","-88.2","56.1","1.831","110.1","1.821","133.2"
"2017-03-24 01:18:00","2017","3","24","1","18","30.69","-88.2","56.1","2.033","122.3","2.839","135.2"
"2017-03-24 01:19:00","2017","3","24","1","19","30.69","-88.2","56.1","2.76","118","4.033","130.8"
"2017-03-24 01:20:00","2017","3","24","1","20","30.69","-88.2","56.1","3.201","120.4","4.191","133.1"
"2017-03-24 01:21:00","2017","3","24","1","21","30.69","-88.2","56.1","3.067","116.6","3.998","129.6"
"2017-03-24 01:22:00","2017","3","24","1","22","30.69","-88.2","56.1","2.604","98.2","3.048","118"
"2017-03-24 01:23:00","2017","3","24","1","23","30.69","-88.2","56.1","2.602","110.6","4.733","120.3"
"2017-03-24 01:24:00","2017","3","24","1","24","30.69","-88.2","56.1","2.969","113.9","4.596","121.2"
"2017-03-24 01:25:00","2017","3","24","1","25","30.69","-88.2","56.1","3.489","114","4.998","121"
"2017-03-24 01:26:00","2017","3","24","1","26","30.69","-88.2","56.1","3.298","102.6","4.488","120.1"
"2017-03-24 01:27:00","2017","3","24","1","27","30.69","-88.2","56.1","2.439","132.5","4.181","142.6"
"2017-03-24 01:28:00","2017","3","24","1","28","30.69","-88.2","56.1","2.822","110.5","3.94","120.9"
"2017-03-24 01:29:00","2017","3","24","1","29","30.69","-88.2","56.1","2.612","119.5","4.098","127.1"
"2017-03-24 01:30:00","2017","3","24","1","30","30.69","-88.2","56.1","2.729","128.3","3.636","132.2"
"2017-03-24 01:31:00","2017","3","24","1","31","30.69","-88.2","56.1","2.636","120.6","3.83","125.8"
"2017-03-24 01:32:00","2017","3","24","1","32","30.69","-88.2","56.1","2.432","103.4","3.726","116.1"
"2017-03-24 01:33:00","2017","3","24","1","33","30.69","-88.2","56.1","2.639","104.5","4.436","117.7"
"2017-03-24 01:34:00","2017","3","24","1","34","30.69","-88.2","56.1","2.961","117.3","4.199","131.9"
"2017-03-24 01:35:00","2017","3","24","1","35","30.69","-88.2","56.1","2.994","111.4","3.848","127.9"
"2017-03-24 01:36:00","2017","3","24","1","36","30.69","-88.2","56.1","3.169","122.4","5.166","126.6"
"2017-03-24 01:37:00","2017","3","24","1","37","30.69","-88.2","56.1","3.169","112.1","4.647","125.4"
"2017-03-24 01:38:00","2017","3","24","1","38","30.69","-88.2","56.1","2.687","107.2","3.446","118.5"
"2017-03-24 01:39:00","2017","3","24","1","39","30.69","-88.2","56.1","1.235","127.4","2.605","130.5"
"2017-03-24 01:40:00","2017","3","24","1","40","30.69","-88.2","56.1","2.726","132.3","3.995","134.4"
"2017-03-24 01:41:00","2017","3","24","1","41","30.69","-88.2","56.1","2.605","112.8","4.55","124.9"
"2017-03-24 01:42:00","2017","3","24","1","42","30.69","-88.2","56.1","3.059","104.3","4.616","116.1"
"2017-03-24 01:43:00","2017","3","24","1","43","30.69","-88.2","56.1","2.904","94.4","3.86","121.4"
"2017-03-24 01:44:00","2017","3","24","1","44","30.69","-88.2","56.1","3.185","105.7","4.106","128.9"
"2017-03-24 01:45:00","2017","3","24","1","45","30.69","-88.2","56.1","3.17","122.5","4.591","126.9"
"2017-03-24 01:46:00","2017","3","24","1","46","30.69","-88.2","56.1","3.593","118.7","4.564","122.6"
"2017-03-24 01:47:00","2017","3","24","1","47","30.69","-88.2","56.1","3.258","112.8","4.583","129.3"
"2017-03-24 01:48:00","2017","3","24","1","48","30.69","-88.2","56.1","3.224","133","4.918","131.8"
"2017-03-24 01:49:00","2017","3","24","1","49","30.69","-88.2","56.1","2.35","112.8","3.722","135.1"
"2017-03-24 01:50:00","2017","3","24","1","50","30.69","-88.2","56.1","3.451","122.4","5.256","141.2"
"2017-03-24 01:51:00","2017","3","24","1","51","30.69","-88.2","56.1","2.644","110.7","3.766","121.9"
"2017-03-24 01:52:00","2017","3","24","1","52","30.69","-88.2","56.1","2.857","86.3","3.357","102.8"
"2017-03-24 01:53:00","2017","3","24","1","53","30.69","-88.2","56.1","4.056","128.4","5.191","123.8"
"2017-03-24 01:54:00","2017","3","24","1","54","30.69","-88.2","56.1","1.89","128.2","3.913","133.9"
"2017-03-24 01:55:00","2017","3","24","1","55","30.69","-88.2","56.1","3.345","113.9","5.034","129.3"
"2017-03-24 01:56:00","2017","3","24","1","56","30.69","-88.2","56.1","1.498","96.5","1.888","134.3"
"2017-03-24 01:57:00","2017","3","24","1","57","30.69","-88.2","56.1","1.975","119.4","2.992","141"
"2017-03-24 01:58:00","2017","3","24","1","58","30.69","-88.2","56.1","2.306","93.2","2.925","117.4"
"2017-03-24 01:59:00","2017","3","24","1","59","30.69","-88.2","56.1","1.571","79.57","2.29","109.3"
"2017-03-24 02:00:00","2017","3","24","2","0","30.69","-88.2","56.1","1.63","86.1","2.009","116.4"
"2017-03-24 02:01:00","2017","3","24","2","1","30.69","-88.2","56.1","2.262","106.3","2.891","121.8"
"2017-03-24 02:02:00","2017","3","24","2","2","30.69","-88.2","56.1","2.051","118.6","3.301","135.2"
"2017-03-24 02:03:00","2017","3","24","2","3","30.69","-88.2","56.1","2.435","110.3","2.955","133.7"
"2017-03-24 02:04:00","2017","3","24","2","4","30.69","-88.2","56.1","2.96","125.8","3.931","126.4"
"2017-03-24 02:05:00","2017","3","24","2","5","30.69","-88.2","56.1","2.007","120.7","3.27","135.5"
"2017-03-24 02:06:00","2017","3","24","2","6","30.69","-88.2","56.1","2.979","116.3","4.302","120.8"
"2017-03-24 02:07:00","2017","3","24","2","7","30.69","-88.2","56.1","2.772","113","3.51","118.6"
"2017-03-24 02:08:00","2017","3","24","2","8","30.69","-88.2","56.1","2.671","108.2","3.709","110.9"
"2017-03-24 02:09:00","2017","3","24","2","9","30.69","-88.2","56.1","2.641","100.3","2.924","125.2"
"2017-03-24 02:10:00","2017","3","24","2","10","30.69","-88.2","56.1","2.388","99.9","2.141","125.3"
"2017-03-24 02:11:00","2017","3","24","2","11","30.69","-88.2","56.1","2.216","107.5","3.355","123.4"
"2017-03-24 02:12:00","2017","3","24","2","12","30.69","-88.2","56.1","2.762","116.7","3.613","116"
"2017-03-24 02:13:00","2017","3","24","2","13","30.69","-88.2","56.1","1.413","88.5","2.672","120.2"
"2017-03-24 02:14:00","2017","3","24","2","14","30.69","-88.2","56.1","2.324","103.2","2.84","113.2"
"2017-03-24 02:15:00","2017","3","24","2","15","30.69","-88.2","56.1","2.579","109.1","2.935","121.5"
"2017-03-24 02:16:00","2017","3","24","2","16","30.69","-88.2","56.1","1.46","132.9","3.231","129.7"
"2017-03-24 02:17:00","2017","3","24","2","17","30.69","-88.2","56.1","1.904","97.8","2.653","116.1"
"2017-03-24 02:18:00","2017","3","24","2","18","30.69","-88.2","56.1","2.904","109","4.029","119.5"
"2017-03-24 02:19:00","2017","3","24","2","19","30.69","-88.2","56.1","3.165","103.9","3.915","121.6"
"2017-03-24 02:20:00","2017","3","24","2","20","30.69","-88.2","56.1","2.327","117.7","4.101","129.1"
"2017-03-24 02:21:00","2017","3","24","2","21","30.69","-88.2","56.1","2.117","129.8","4.348","135.8"
"2017-03-24 02:22:00","2017","3","24","2","22","30.69","-88.2","56.1","1.731","117.3","3.224","129.5"
"2017-03-24 02:23:00","2017","3","24","2","23","30.69","-88.2","56.1","2.546","97.8","2.715","115.6"
"2017-03-24 02:24:00","2017","3","24","2","24","30.69","-88.2","56.1","3.869","108.4","4.387","120"
"2017-03-24 02:25:00","2017","3","24","2","25","30.69","-88.2","56.1","2.999","99.4","3.75","112.7"
"2017-03-24 02:26:00","2017","3","24","2","26","30.69","-88.2","56.1","2.339","120.6","4.168","136.7"
"2017-03-24 02:27:00","2017","3","24","2","27","30.69","-88.2","56.1","2.533","127.9","3.835","126.8"
"2017-03-24 02:28:00","2017","3","24","2","28","30.69","-88.2","56.1","1.986","118","2.744","122.5"
"2017-03-24 02:29:00","2017","3","24","2","29","30.69","-88.2","56.1","2.233","113.6","3.624","112.5"
"2017-03-24 02:30:00","2017","3","24","2","30","30.69","-88.2","56.1","2.873","94","3.951","114.9"
"2017-03-24 02:31:00","2017","3","24","2","31","30.69","-88.2","56.1","1.666","120.5","3.397","141.3"
"2017-03-24 02:32:00","2017","3","24","2","32","30.69","-88.2","56.1","1.785","126.5","2.613","136.7"
"2017-03-24 02:33:00","2017","3","24","2","33","30.69","-88.2","56.1","2.316","126","2.898","133.5"
"2017-03-24 02:34:00","2017","3","24","2","34","30.69","-88.2","56.1","2.545","113.2","4.229","125.7"
"2017-03-24 02:35:00","2017","3","24","2","35","30.69","-88.2","56.1","2.968","112.8","4.196","119.1"
"2017-03-24 02:36:00","2017","3","24","2","36","30.69","-88.2","56.1","2.115","115.6","2.986","128.5"
"2017-03-24 02:37:00","2017","3","24","2","37","30.69","-88.2","56.1","1.645","100.8","2.296","109.6"
"2017-03-24 02:38:00","2017","3","24","2","38","30.69","-88.2","56.1","2.545","100.3","3.147","120.1"
"2017-03-24 02:39:00","2017","3","24","2","39","30.69","-88.2","56.1","1.656","131.6","3.275","124.7"
"2017-03-24 02:40:00","2017","3","24","2","40","30.69","-88.2","56.1","1.114","109.6","2.02","129.5"
"2017-03-24 02:41:00","2017","3","24","2","41","30.69","-88.2","56.1","1.771","90.3","3.043","115.7"
"2017-03-24 02:42:00","2017","3","24","2","42","30.69","-88.2","56.1","1.334","125","2.994","135.5"
"2017-03-24 02:43:00","2017","3","24","2","43","30.69","-88.2","56.1","2.368","115.5","3.17","131.8"
"2017-03-24 02:44:00","2017","3","24","2","44","30.69","-88.2","56.1","2.156","118.4","3.178","127.6"
"2017-03-24 02:45:00","2017","3","24","2","45","30.69","-88.2","56.1","2.243","117.4","4.168","127.6"
"2017-03-24 02:46:00","2017","3","24","2","46","30.69","-88.2","56.1","2.724","120.5","4.642","136.3"
"2017-03-24 02:47:00","2017","3","24","2","47","30.69","-88.2","56.1","1.831","129.8","3.598","136.6"
"2017-03-24 02:48:00","2017","3","24","2","48","30.69","-88.2","56.1","1.846","114.6","3.082","126.5"
"2017-03-24 02:49:00","2017","3","24","2","49","30.69","-88.2","56.1","1.686","110.8","2.532","133.9"
"2017-03-24 02:50:00","2017","3","24","2","50","30.69","-88.2","56.1","1.215","103.3","2.274","126.5"
"2017-03-24 02:51:00","2017","3","24","2","51","30.69","-88.2","56.1","1.834","104.2","2.424","124.3"
"2017-03-24 02:52:00","2017","3","24","2","52","30.69","-88.2","56.1","2.097","91","2.979","112.3"
"2017-03-24 02:53:00","2017","3","24","2","53","30.69","-88.2","56.1","2.468","100.4","2.982","121.8"
"2017-03-24 02:54:00","2017","3","24","2","54","30.69","-88.2","56.1","2.083","119.5","2.786","122"
"2017-03-24 02:55:00","2017","3","24","2","55","30.69","-88.2","56.1","1.532","112.1","2.827","121.6"
"2017-03-24 02:56:00","2017","3","24","2","56","30.69","-88.2","56.1","2.282","106.6","3.322","125.8"
"2017-03-24 02:57:00","2017","3","24","2","57","30.69","-88.2","56.1","3.082","134.7","4.449","137.2"
"2017-03-24 02:58:00","2017","3","24","2","58","30.69","-88.2","56.1","1.854","118.3","2.705","137.4"
"2017-03-24 02:59:00","2017","3","24","2","59","30.69","-88.2","56.1","1.441","123.9","2.44","126.2"
"2017-03-24 03:00:00","2017","3","24","3","0","30.69","-88.2","56.1","2.488","120.7","3.399","125.9"
"2017-03-24 03:01:00","2017","3","24","3","1","30.69","-88.2","56.1","2.365","126.9","4.493","135.3"
"2017-03-24 03:02:00","2017","3","24","3","2","30.69","-88.2","56.1","1.449","119.6","2.434","131.2"
"2017-03-24 03:03:00","2017","3","24","3","3","30.69","-88.2","56.1","2.488","112.9","3.613","128.5"
"2017-03-24 03:04:00","2017","3","24","3","4","30.69","-88.2","56.1","1.491","152.4","3.237","144.2"
"2017-03-24 03:05:00","2017","3","24","3","5","30.69","-88.2","56.1","2.582","111.5","3.358","126.6"
"2017-03-24 03:06:00","2017","3","24","3","6","30.69","-88.2","56.1","1.818","124.1","2.999","135.6"
"2017-03-24 03:07:00","2017","3","24","3","7","30.69","-88.2","56.1","2.037","132.5","3.753","138.1"
"2017-03-24 03:08:00","2017","3","24","3","8","30.69","-88.2","56.1","1.119","111.5","2.551","137.5"
"2017-03-24 03:09:00","2017","3","24","3","9","30.69","-88.2","56.1","2.203","121.9","3.432","136.9"
"2017-03-24 03:10:00","2017","3","24","3","10","30.69","-88.2","56.1","2.986","122.2","4.526","131.9"
"2017-03-24 03:11:00","2017","3","24","3","11","30.69","-88.2","56.1","3.02","118","4.131","135.4"
"2017-03-24 03:12:00","2017","3","24","3","12","30.69","-88.2","56.1","3.407","120.3","4.426","121.4"
"2017-03-24 03:13:00","2017","3","24","3","13","30.69","-88.2","56.1","3.708","105.4","4.74","112.2"
"2017-03-24 03:14:00","2017","3","24","3","14","30.69","-88.2","56.1","1.975","113.6","2.896","120.6"
"2017-03-24 03:15:00","2017","3","24","3","15","30.69","-88.2","56.1","2.249","122.7","3.615","137.1"
"2017-03-24 03:16:00","2017","3","24","3","16","30.69","-88.2","56.1","1.733","112.8","2.933","131.8"
"2017-03-24 03:17:00","2017","3","24","3","17","30.69","-88.2","56.1","2.986","118.6","4.186","131.6"
"2017-03-24 03:18:00","2017","3","24","3","18","30.69","-88.2","56.1","2.622","117.1","4.18","128.6"
"2017-03-24 03:19:00","2017","3","24","3","19","30.69","-88.2","56.1","2.468","115","2.891","125.3"
"2017-03-24 03:20:00","2017","3","24","3","20","30.69","-88.2","56.1","2.169","89.8","3.022","122"
"2017-03-24 03:21:00","2017","3","24","3","21","30.69","-88.2","56.1","1.935","116.2","3.51","132.8"
"2017-03-24 03:22:00","2017","3","24","3","22","30.69","-88.2","56.1","2.52","104.7","3.838","117.8"
"2017-03-24 03:23:00","2017","3","24","3","23","30.69","-88.2","56.1","2.868","121","3.946","127.5"
"2017-03-24 03:24:00","2017","3","24","3","24","30.69","-88.2","56.1","2.608","120.3","4.322","128"
"2017-03-24 03:25:00","2017","3","24","3","25","30.69","-88.2","56.1","2.38","103.9","3.353","122.3"
"2017-03-24 03:26:00","2017","3","24","3","26","30.69","-88.2","56.1","1.459","114.7","2.656","118.5"
"2017-03-24 03:27:00","2017","3","24","3","27","30.69","-88.2","56.1","2.881","126.9","4.113","128"
"2017-03-24 03:28:00","2017","3","24","3","28","30.69","-88.2","56.1","3.361","127.5","4.934","129.7"
"2017-03-24 03:29:00","2017","3","24","3","29","30.69","-88.2","56.1","3.139","105.6","4.149","121.3"
"2017-03-24 03:30:00","2017","3","24","3","30","30.69","-88.2","56.1","2.37","108.5","3.345","113.7"
"2017-03-24 03:31:00","2017","3","24","3","31","30.69","-88.2","56.1","1.049","113","2.045","131.4"
"2017-03-24 03:32:00","2017","3","24","3","32","30.69","-88.2","56.1","2.654","134.3","4.046","134.9"
"2017-03-24 03:33:00","2017","3","24","3","33","30.69","-88.2","56.1","1.957","124.1","2.636","128.4"
"2017-03-24 03:34:00","2017","3","24","3","34","30.69","-88.2","56.1","3.239","98.8","3.972","107.8"
"2017-03-24 03:35:00","2017","3","24","3","35","30.69","-88.2","56.1","1.824","113.7","2.746","128.9"
"2017-03-24 03:36:00","2017","3","24","3","36","30.69","-88.2","56.1","1.718","96.4","2.453","107.9"
"2017-03-24 03:37:00","2017","3","24","3","37","30.69","-88.2","56.1","2.061","103.5","2.999","131.4"
"2017-03-24 03:38:00","2017","3","24","3","38","30.69","-88.2","56.1","2.51","115.4","3.843","129.8"
"2017-03-24 03:39:00","2017","3","24","3","39","30.69","-88.2","56.1","3.072","109","4.103","124.8"
"2017-03-24 03:40:00","2017","3","24","3","40","30.69","-88.2","56.1","2.432","120.8","3.964","120.4"
"2017-03-24 03:41:00","2017","3","24","3","41","30.69","-88.2","56.1","2.657","110.1","3.477","118.6"
"2017-03-24 03:42:00","2017","3","24","3","42","30.69","-88.2","56.1","3.113","117.3","5.047","126.3"
"2017-03-24 03:43:00","2017","3","24","3","43","30.69","-88.2","56.1","2.773","114.2","4.712","115.9"
"2017-03-24 03:44:00","2017","3","24","3","44","30.69","-88.2","56.1","2.96","104.9","3.775","112.3"
"2017-03-24 03:45:00","2017","3","24","3","45","30.69","-88.2","56.1","2.074","88","2.182","117.3"
"2017-03-24 03:46:00","2017","3","24","3","46","30.69","-88.2","56.1","2.112","104.8","3.456","113.1"
"2017-03-24 03:47:00","2017","3","24","3","47","30.69","-88.2","56.1","2.566","103.1","2.646","116"
"2017-03-24 03:48:00","2017","3","24","3","48","30.69","-88.2","56.1","2.584","106.2","3.178","119.3"
"2017-03-24 03:49:00","2017","3","24","3","49","30.69","-88.2","56.1","2.685","103.5","3.048","115.3"
"2017-03-24 03:50:00","2017","3","24","3","50","30.69","-88.2","56.1","2.04","98.8","1.777","117"
"2017-03-24 03:51:00","2017","3","24","3","51","30.69","-88.2","56.1","1.423","100.7","2.156","119.3"
"2017-03-24 03:52:00","2017","3","24","3","52","30.69","-88.2","56.1","2.198","108.5","3.054","122.4"
"2017-03-24 03:53:00","2017","3","24","3","53","30.69","-88.2","56.1","2.901","106.2","4.363","116.7"
"2017-03-24 03:54:00","2017","3","24","3","54","30.69","-88.2","56.1","3.484","104.2","4.604","128.7"
"2017-03-24 03:55:00","2017","3","24","3","55","30.69","-88.2","56.1","1.986","101.3","2.971","117.6"
"2017-03-24 03:56:00","2017","3","24","3","56","30.69","-88.2","56.1","2.215","91.8","3.52","117.4"
"2017-03-24 03:57:00","2017","3","24","3","57","30.69","-88.2","56.1","2.525","104","3.121","121.9"
"2017-03-24 03:58:00","2017","3","24","3","58","30.69","-88.2","56.1","2.933","98.9","4.039","108.5"
"2017-03-24 03:59:00","2017","3","24","3","59","30.69","-88.2","56.1","2.249","103.6","3.09","117.6"
"2017-03-24 04:00:00","2017","3","24","4","0","30.69","-88.2","56.1","1.651","96.1","2.197","109"
"2017-03-24 04:01:00","2017","3","24","4","1","30.69","-88.2","56.1","2.249","94.7","3.152","105.4"
"2017-03-24 04:02:00","2017","3","24","4","2","30.69","-88.2","56.1","2.256","94.9","2.559","104.2"
"2017-03-24 04:03:00","2017","3","24","4","3","30.69","-88.2","56.1","2.138","109.8","2.37","130.4"
"2017-03-24 04:04:00","2017","3","24","4","4","30.69","-88.2","56.1","1.753","122.4","2.622","125.9"
"2017-03-24 04:05:00","2017","3","24","4","5","30.69","-88.2","56.1","2.35","113","2.272","128"
"2017-03-24 04:06:00","2017","3","24","4","6","30.69","-88.2","56.1","2.752","111.5","3.205","112.8"
"2017-03-24 04:07:00","2017","3","24","4","7","30.69","-88.2","56.1","1.965","97.1","2.956","119.1"
"2017-03-24 04:08:00","2017","3","24","4","8","30.69","-88.2","56.1","2.396","105.2","3.744","118"
"2017-03-24 04:09:00","2017","3","24","4","9","30.69","-88.2","56.1","3.004","100.3","3.778","107.8"
"2017-03-24 04:10:00","2017","3","24","4","10","30.69","-88.2","56.1","2.432","97.8","2.764","115.2"
"2017-03-24 04:11:00","2017","3","24","4","11","30.69","-88.2","56.1","2.027","114.8","2.509","114.7"
"2017-03-24 04:12:00","2017","3","24","4","12","30.69","-88.2","56.1","2.623","122.9","5","125.4"
"2017-03-24 04:13:00","2017","3","24","4","13","30.69","-88.2","56.1","3.141","112.3","3.794","119.1"
"2017-03-24 04:14:00","2017","3","24","4","14","30.69","-88.2","56.1","3.244","121","4.536","126.4"
"2017-03-24 04:15:00","2017","3","24","4","15","30.69","-88.2","56.1","3.028","118.6","3.909","121.3"
"2017-03-24 04:16:00","2017","3","24","4","16","30.69","-88.2","56.1","2.85","137","4.025","135.7"
"2017-03-24 04:17:00","2017","3","24","4","17","30.69","-88.2","56.1","1.911","109.6","2.933","119.4"
"2017-03-24 04:18:00","2017","3","24","4","18","30.69","-88.2","56.1","1.906","99.7","2.443","118"
"2017-03-24 04:19:00","2017","3","24","4","19","30.69","-88.2","56.1","2.377","95.7","2.45","115.8"
"2017-03-24 04:20:00","2017","3","24","4","20","30.69","-88.2","56.1","1.999","109.2","2.674","118.8"
"2017-03-24 04:21:00","2017","3","24","4","21","30.69","-88.2","56.1","2.445","88.4","2.922","116.8"
"2017-03-24 04:22:00","2017","3","24","4","22","30.69","-88.2","56.1","1.604","127.9","2.839","124.4"
"2017-03-24 04:23:00","2017","3","24","4","23","30.69","-88.2","56.1","2.932","104.8","3.481","105.9"
"2017-03-24 04:24:00","2017","3","24","4","24","30.69","-88.2","56.1","2.148","105.4","2.528","109"
"2017-03-24 04:25:00","2017","3","24","4","25","30.69","-88.2","56.1","2.174","92.8","2.243","114.2"
"2017-03-24 04:26:00","2017","3","24","4","26","30.69","-88.2","56.1","1.764","113.6","2.873","128.9"
"2017-03-24 04:27:00","2017","3","24","4","27","30.69","-88.2","56.1","1.802","109.2","2.922","123.4"
"2017-03-24 04:28:00","2017","3","24","4","28","30.69","-88.2","56.1","2.228","101.8","3.569","107.3"
"2017-03-24 04:29:00","2017","3","24","4","29","30.69","-88.2","56.1","2.873","91.8","3.453","101.6"
"2017-03-24 04:30:00","2017","3","24","4","30","30.69","-88.2","56.1","2.564","97.8","3.293","112.4"
"2017-03-24 04:31:00","2017","3","24","4","31","30.69","-88.2","56.1","2.734","107.4","3.706","118.3"
"2017-03-24 04:32:00","2017","3","24","4","32","30.69","-88.2","56.1","3.319","102.7","3.798","120"
"2017-03-24 04:33:00","2017","3","24","4","33","30.69","-88.2","56.1","2.881","117.4","4.47","119.5"
"2017-03-24 04:34:00","2017","3","24","4","34","30.69","-88.2","56.1","4.137","119.4","5.413","126.5"
"2017-03-24 04:35:00","2017","3","24","4","35","30.69","-88.2","56.1","3.162","128.5","4.889","132.9"
"2017-03-24 04:36:00","2017","3","24","4","36","30.69","-88.2","56.1","1.989","98.2","3.448","119.9"
"2017-03-24 04:37:00","2017","3","24","4","37","30.69","-88.2","56.1","2.639","128.9","3.878","122.9"
"2017-03-24 04:38:00","2017","3","24","4","38","30.69","-88.2","56.1","2.803","78.42","3.58","94.9"
"2017-03-24 04:39:00","2017","3","24","4","39","30.69","-88.2","56.1","2.744","99.9","3.925","117.8"
"2017-03-24 04:40:00","2017","3","24","4","40","30.69","-88.2","56.1","3.644","111.3","4.435","127.2"
"2017-03-24 04:41:00","2017","3","24","4","41","30.69","-88.2","56.1","2.78","111.7","4.884","120.5"
"2017-03-24 04:42:00","2017","3","24","4","42","30.69","-88.2","56.1","3.428","120","5.501","125.6"
"2017-03-24 04:43:00","2017","3","24","4","43","30.69","-88.2","56.1","3.386","103.4","4.206","115.6"
"2017-03-24 04:44:00","2017","3","24","4","44","30.69","-88.2","56.1","2.641","104.4","3.811","107.3"
"2017-03-24 04:45:00","2017","3","24","4","45","30.69","-88.2","56.1","2.981","99.5","3.863","107.7"
"2017-03-24 04:46:00","2017","3","24","4","46","30.69","-88.2","56.1","2.44","108.3","4.276","125.7"
"2017-03-24 04:47:00","2017","3","24","4","47","30.69","-88.2","56.1","2.994","115.9","3.735","123.9"
"2017-03-24 04:48:00","2017","3","24","4","48","30.69","-88.2","56.1","1.984","108.6","2.888","114.7"
"2017-03-24 04:49:00","2017","3","24","4","49","30.69","-88.2","56.1","2.427","104","3.855","119.2"
"2017-03-24 04:50:00","2017","3","24","4","50","30.69","-88.2","56.1","2.991","108.4","4.194","116.9"
"2017-03-24 04:51:00","2017","3","24","4","51","30.69","-88.2","56.1","2.497","101.8","3.223","120.7"
"2017-03-24 04:52:00","2017","3","24","4","52","30.69","-88.2","56.1","2.411","112.3","2.287","136.7"
"2017-03-24 04:53:00","2017","3","24","4","53","30.69","-88.2","56.1","3.095","116.3","4.047","124.6"
"2017-03-24 04:54:00","2017","3","24","4","54","30.69","-88.2","56.1","3.227","109.3","4.335","115.2"
"2017-03-24 04:55:00","2017","3","24","4","55","30.69","-88.2","56.1","1.633","118.3","2.515","118.6"
"2017-03-24 04:56:00","2017","3","24","4","56","30.69","-88.2","56.1","2.778","107.1","4.075","113"
"2017-03-24 04:57:00","2017","3","24","4","57","30.69","-88.2","56.1","3.129","90.4","3.668","106.6"
"2017-03-24 04:58:00","2017","3","24","4","58","30.69","-88.2","56.1","2.502","115.7","3.35","111.3"
"2017-03-24 04:59:00","2017","3","24","4","59","30.69","-88.2","56.1","2.608","106.5","2.884","130"
"2017-03-24 05:00:00","2017","3","24","5","0","30.69","-88.2","56.1","2.399","82.8","2.586","109.9"
"2017-03-24 05:01:00","2017","3","24","5","1","30.69","-88.2","56.1","2.226","105","3.175","124"
"2017-03-24 05:02:00","2017","3","24","5","2","30.69","-88.2","56.1","1.841","102","2.804","119.1"
"2017-03-24 05:03:00","2017","3","24","5","3","30.69","-88.2","56.1","2.097","120.5","2.943","129.5"
"2017-03-24 05:04:00","2017","3","24","5","4","30.69","-88.2","56.1","2.403","97.6","2.95","111.9"
"2017-03-24 05:05:00","2017","3","24","5","5","30.69","-88.2","56.1","2.359","89.5","3.018","102"
"2017-03-24 05:06:00","2017","3","24","5","6","30.69","-88.2","56.1","2.705","100.6","4.106","121.4"
"2017-03-24 05:07:00","2017","3","24","5","7","30.69","-88.2","56.1","2.471","103.9","3.619","117.4"
"2017-03-24 05:08:00","2017","3","24","5","8","30.69","-88.2","56.1","2.942","106.2","4.064","111.7"
"2017-03-24 05:09:00","2017","3","24","5","9","30.69","-88.2","56.1","2.254","112.8","3.058","122.6"
"2017-03-24 05:10:00","2017","3","24","5","10","30.69","-88.2","56.1","1.653","99.7","2.221","113.6"
"2017-03-24 05:11:00","2017","3","24","5","11","30.69","-88.2","56.1","2.257","113.5","3.463","117.4"
"2017-03-24 05:12:00","2017","3","24","5","12","30.69","-88.2","56.1","2.326","121.5","3.789","126.1"
"2017-03-24 05:13:00","2017","3","24","5","13","30.69","-88.2","56.1","3.472","109.5","4.735","110.1"
"2017-03-24 05:14:00","2017","3","24","5","14","30.69","-88.2","56.1","1.821","103.1","2.47","113.8"
"2017-03-24 05:15:00","2017","3","24","5","15","30.69","-88.2","56.1","2.786","124.7","3.807","122"
"2017-03-24 05:16:00","2017","3","24","5","16","30.69","-88.2","56.1","2.429","102.7","4.021","116.2"
"2017-03-24 05:17:00","2017","3","24","5","17","30.69","-88.2","56.1","3.704","115.9","5.557","121.6"
"2017-03-24 05:18:00","2017","3","24","5","18","30.69","-88.2","56.1","1.911","127.9","3.597","133"
"2017-03-24 05:19:00","2017","3","24","5","19","30.69","-88.2","56.1","3.379","116.8","4.609","128.9"
"2017-03-24 05:20:00","2017","3","24","5","20","30.69","-88.2","56.1","2.473","126.9","3.623","135.2"
"2017-03-24 05:21:00","2017","3","24","5","21","30.69","-88.2","56.1","2.688","90.8","2.951","111.9"
"2017-03-24 05:22:00","2017","3","24","5","22","30.69","-88.2","56.1","3.174","119.2","4.59","121.7"
"2017-03-24 05:23:00","2017","3","24","5","23","30.69","-88.2","56.1","3.18","110.2","4.382","125.9"
"2017-03-24 05:24:00","2017","3","24","5","24","30.69","-88.2","56.1","2.509","104.7","4.194","122.5"
"2017-03-24 05:25:00","2017","3","24","5","25","30.69","-88.2","56.1","2.406","107.1","2.496","123.9"
"2017-03-24 05:26:00","2017","3","24","5","26","30.69","-88.2","56.1","1.53","123.2","2.285","130.3"
"2017-03-24 05:27:00","2017","3","24","5","27","30.69","-88.2","56.1","3.017","136.8","4.026","127"
"2017-03-24 05:28:00","2017","3","24","5","28","30.69","-88.2","56.1","2.337","127.4","3.265","129.3"
"2017-03-24 05:29:00","2017","3","24","5","29","30.69","-88.2","56.1","1.862","99.6","2.435","121.3"
"2017-03-24 05:30:00","2017","3","24","5","30","30.69","-88.2","56.1","1.441","123.1","1.886","137.7"
"2017-03-24 05:31:00","2017","3","24","5","31","30.69","-88.2","56.1","1.117","131.6","2.393","129.1"
"2017-03-24 05:32:00","2017","3","24","5","32","30.69","-88.2","56.1","1.911","122.2","3.683","127.9"
"2017-03-24 05:33:00","2017","3","24","5","33","30.69","-88.2","56.1","2.078","119.4","3.213","131"
"2017-03-24 05:34:00","2017","3","24","5","34","30.69","-88.2","56.1","2.109","125.2","3.585","137.1"
"2017-03-24 05:35:00","2017","3","24","5","35","30.69","-88.2","56.1","3.116","130.2","4.928","131.5"
"2017-03-24 05:36:00","2017","3","24","5","36","30.69","-88.2","56.1","2.047","95.6","2.881","108.9"
"2017-03-24 05:37:00","2017","3","24","5","37","30.69","-88.2","56.1","3.299","106","4.39","123.3"
"2017-03-24 05:38:00","2017","3","24","5","38","30.69","-88.2","56.1","2.295","102","3.231","115.7"
"2017-03-24 05:39:00","2017","3","24","5","39","30.69","-88.2","56.1","2.533","102.8","3.737","113.6"
"2017-03-24 05:40:00","2017","3","24","5","40","30.69","-88.2","56.1","2.626","88.5","3.312","97.1"
"2017-03-24 05:41:00","2017","3","24","5","41","30.69","-88.2","56.1","2.623","101.4","3.407","109"
"2017-03-24 05:42:00","2017","3","24","5","42","30.69","-88.2","56.1","1.617","123.4","2.404","126.9"
"2017-03-24 05:43:00","2017","3","24","5","43","30.69","-88.2","56.1","3.363","120.5","4.533","125.7"
"2017-03-24 05:44:00","2017","3","24","5","44","30.69","-88.2","56.1","1.95","110.9","2.605","117"
"2017-03-24 05:45:00","2017","3","24","5","45","30.69","-88.2","56.1","3.049","123.7","4.711","129.3"
"2017-03-24 05:46:00","2017","3","24","5","46","30.69","-88.2","56.1","1.718","126.6","2.772","138.6"
"2017-03-24 05:47:00","2017","3","24","5","47","30.69","-88.2","56.1","2.87","129.8","5.364","133.5"
"2017-03-24 05:48:00","2017","3","24","5","48","30.69","-88.2","56.1","2.285","131.8","3.891","129.5"
"2017-03-24 05:49:00","2017","3","24","5","49","30.69","-88.2","56.1","2.466","129.5","3.847","134.7"
"2017-03-24 05:50:00","2017","3","24","5","50","30.69","-88.2","56.1","2.388","112.3","2.577","120.6"
"2017-03-24 05:51:00","2017","3","24","5","51","30.69","-88.2","56.1","1.568","109","2.494","114.6"
"2017-03-24 05:52:00","2017","3","24","5","52","30.69","-88.2","56.1","2.525","108.8","3.307","128.7"
"2017-03-24 05:53:00","2017","3","24","5","53","30.69","-88.2","56.1","2.878","130.7","4.683","133.4"
"2017-03-24 05:54:00","2017","3","24","5","54","30.69","-88.2","56.1","2.942","126.5","4.379","128.2"
"2017-03-24 05:55:00","2017","3","24","5","55","30.69","-88.2","56.1","3.474","98.8","4.191","109.4"
"2017-03-24 05:56:00","2017","3","24","5","56","30.69","-88.2","56.1","2.582","100.4","3.845","123.6"
"2017-03-24 05:57:00","2017","3","24","5","57","30.69","-88.2","56.1","3.481","102.9","4.702","121.4"
"2017-03-24 05:58:00","2017","3","24","5","58","30.69","-88.2","56.1","3.499","97.3","4.232","120.3"
"2017-03-24 05:59:00","2017","3","24","5","59","30.69","-88.2","56.1","2.775","104.2","4.114","116"
"2017-03-24 06:00:00","2017","3","24","6","0","30.69","-88.2","56.1","2.032","116.2","3.182","125.8"
"2017-03-24 06:01:00","2017","3","24","6","1","30.69","-88.2","56.1","3.397","133.3","5.297","124.4"
"2017-03-24 06:02:00","2017","3","24","6","2","30.69","-88.2","56.1","2.45","107.4","3.861","109.2"
"2017-03-24 06:03:00","2017","3","24","6","3","30.69","-88.2","56.1","2.53","110.5","3.139","133"
"2017-03-24 06:04:00","2017","3","24","6","4","30.69","-88.2","56.1","3.267","101","4.428","114.9"
"2017-03-24 06:05:00","2017","3","24","6","5","30.69","-88.2","56.1","3.469","107.2","4.503","116.4"
"2017-03-24 06:06:00","2017","3","24","6","6","30.69","-88.2","56.1","2.056","108.7","3.538","122"
"2017-03-24 06:07:00","2017","3","24","6","7","30.69","-88.2","56.1","2.053","116.9","2.703","138.6"
"2017-03-24 06:08:00","2017","3","24","6","8","30.69","-88.2","56.1","1.039","152.9","2.484","138.3"
"2017-03-24 06:09:00","2017","3","24","6","9","30.69","-88.2","56.1","2.182","121.7","3.241","121.9"
"2017-03-24 06:10:00","2017","3","24","6","10","30.69","-88.2","56.1","1.772","103.4","2.631","120.7"
"2017-03-24 06:11:00","2017","3","24","6","11","30.69","-88.2","56.1","2.367","119.6","3.778","126"
"2017-03-24 06:12:00","2017","3","24","6","12","30.69","-88.2","56.1","2.502","114","3.812","116.9"
"2017-03-24 06:13:00","2017","3","24","6","13","30.69","-88.2","56.1","3.241","112.6","4.377","124.6"
"2017-03-24 06:14:00","2017","3","24","6","14","30.69","-88.2","56.1","3.183","114.7","4.408","119.9"
"2017-03-24 06:15:00","2017","3","24","6","15","30.69","-88.2","56.1","2.13","115.9","3.252","132.5"
"2017-03-24 06:16:00","2017","3","24","6","16","30.69","-88.2","56.1","1.906","108.8","2.107","112.7"
"2017-03-24 06:17:00","2017","3","24","6","17","30.69","-88.2","56.1","2.007","73.73","3.286","108.1"
"2017-03-24 06:18:00","2017","3","24","6","18","30.69","-88.2","56.1","3.61","104.9","5.209","113.9"
"2017-03-24 06:19:00","2017","3","24","6","19","30.69","-88.2","56.1","2.334","120.8","3.557","129.1"
"2017-03-24 06:20:00","2017","3","24","6","20","30.69","-88.2","56.1","2.7","112","4.322","126.7"
"2017-03-24 06:21:00","2017","3","24","6","21","30.69","-88.2","56.1","2.434","128.1","3.183","141.1"
"2017-03-24 06:22:00","2017","3","24","6","22","30.69","-88.2","56.1","3.126","127.7","4.088","130.7"
"2017-03-24 06:23:00","2017","3","24","6","23","30.69","-88.2","56.1","2.453","109.4","3.494","120.6"
"2017-03-24 06:24:00","2017","3","24","6","24","30.69","-88.2","56.1","2.507","113.3","3.525","130.3"
"2017-03-24 06:25:00","2017","3","24","6","25","30.69","-88.2","56.1","2.365","113.3","3.941","133.2"
"2017-03-24 06:26:00","2017","3","24","6","26","30.69","-88.2","56.1","2.313","93","3.535","124.7"
"2017-03-24 06:27:00","2017","3","24","6","27","30.69","-88.2","56.1","3.357","104.3","4.487","117.4"
"2017-03-24 06:28:00","2017","3","24","6","28","30.69","-88.2","56.1","2.922","112","3.809","128.7"
"2017-03-24 06:29:00","2017","3","24","6","29","30.69","-88.2","56.1","2.323","110.8","3.448","105.9"
"2017-03-24 06:30:00","2017","3","24","6","30","30.69","-88.2","56.1","2.239","122","3.531","118.1"
"2017-03-24 06:31:00","2017","3","24","6","31","30.69","-88.2","56.1","3.028","107.7","3.864","112.7"
"2017-03-24 06:32:00","2017","3","24","6","32","30.69","-88.2","56.1","2.932","97.9","3.242","120.2"
"2017-03-24 06:33:00","2017","3","24","6","33","30.69","-88.2","56.1","2.079","101.7","3.744","114.6"
"2017-03-24 06:34:00","2017","3","24","6","34","30.69","-88.2","56.1","2.522","108.9","3.753","123.6"
"2017-03-24 06:35:00","2017","3","24","6","35","30.69","-88.2","56.1","2.943","125.7","3.598","126.3"
"2017-03-24 06:36:00","2017","3","24","6","36","30.69","-88.2","56.1","2.902","122.3","4.423","116.3"
"2017-03-24 06:37:00","2017","3","24","6","37","30.69","-88.2","56.1","3.654","108.5","5.851","113.9"
"2017-03-24 06:38:00","2017","3","24","6","38","30.69","-88.2","56.1","3.871","111.7","6.228","122.6"
"2017-03-24 06:39:00","2017","3","24","6","39","30.69","-88.2","56.1","3.521","124.3","4.748","125"
"2017-03-24 06:40:00","2017","3","24","6","40","30.69","-88.2","56.1","3.162","96.5","4.591","115.8"
"2017-03-24 06:41:00","2017","3","24","6","41","30.69","-88.2","56.1","3.368","113.3","5.361","120.7"
"2017-03-24 06:42:00","2017","3","24","6","42","30.69","-88.2","56.1","3.654","120.4","5.669","132"
"2017-03-24 06:43:00","2017","3","24","6","43","30.69","-88.2","56.1","3.332","128.2","4.511","133.8"
"2017-03-24 06:44:00","2017","3","24","6","44","30.69","-88.2","56.1","2.14","122","3.531","129.8"
"2017-03-24 06:45:00","2017","3","24","6","45","30.69","-88.2","56.1","2.726","117.8","4.426","117.3"
"2017-03-24 06:46:00","2017","3","24","6","46","30.69","-88.2","56.1","2.571","100.7","3.525","96.2"
"2017-03-24 06:47:00","2017","3","24","6","47","30.69","-88.2","56.1","2.51","97.1","3.18","108.5"
"2017-03-24 06:48:00","2017","3","24","6","48","30.69","-88.2","56.1","2.736","108.7","3.298","118"
"2017-03-24 06:49:00","2017","3","24","6","49","30.69","-88.2","56.1","1.973","115.5","2.569","119.8"
"2017-03-24 06:50:00","2017","3","24","6","50","30.69","-88.2","56.1","3.535","125.7","5.134","133.1"
"2017-03-24 06:51:00","2017","3","24","6","51","30.69","-88.2","56.1","3.183","113","3.459","127.8"
"2017-03-24 06:52:00","2017","3","24","6","52","30.69","-88.2","56.1","3.647","118.7","4.812","125.9"
"2017-03-24 06:53:00","2017","3","24","6","53","30.69","-88.2","56.1","3.899","129.6","5.622","138.6"
"2017-03-24 06:54:00","2017","3","24","6","54","30.69","-88.2","56.1","2.21","125.5","3.575","130.9"
"2017-03-24 06:55:00","2017","3","24","6","55","30.69","-88.2","56.1","2.93","122.2","4.516","125.9"
"2017-03-24 06:56:00","2017","3","24","6","56","30.69","-88.2","56.1","3.27","130.7","4.314","134.1"
"2017-03-24 06:57:00","2017","3","24","6","57","30.69","-88.2","56.1","3.213","108.5","4.431","118.7"
"2017-03-24 06:58:00","2017","3","24","6","58","30.69","-88.2","56.1","2.541","108.6","3.6","123.2"
"2017-03-24 06:59:00","2017","3","24","6","59","30.69","-88.2","56.1","2.835","98.7","4.031","109.8"
"2017-03-24 07:00:00","2017","3","24","7","0","30.69","-88.2","56.1","2.832","108.3","4.186","122.6"
"2017-03-24 07:01:00","2017","3","24","7","1","30.69","-88.2","56.1","2.778","89.7","4.129","106.6"
"2017-03-24 07:02:00","2017","3","24","7","2","30.69","-88.2","56.1","2.314","107.9","3.046","117.8"
"2017-03-24 07:03:00","2017","3","24","7","3","30.69","-88.2","56.1","1.828","98.9","2.167","126.3"
"2017-03-24 07:04:00","2017","3","24","7","4","30.69","-88.2","56.1","2.334","128.8","4.194","120.8"
"2017-03-24 07:05:00","2017","3","24","7","5","30.69","-88.2","56.1","2.752","119.7","4.155","121.3"
"2017-03-24 07:06:00","2017","3","24","7","6","30.69","-88.2","56.1","1.777","99.5","2.559","128.4"
"2017-03-24 07:07:00","2017","3","24","7","7","30.69","-88.2","56.1","2.189","86.2","2.847","100.8"
"2017-03-24 07:08:00","2017","3","24","7","8","30.69","-88.2","56.1","3.208","97.6","4.167","108.9"
"2017-03-24 07:09:00","2017","3","24","7","9","30.69","-88.2","56.1","2.592","115.5","4.568","124.4"
"2017-03-24 07:10:00","2017","3","24","7","10","30.69","-88.2","56.1","2.767","121.1","4.709","131"
"2017-03-24 07:11:00","2017","3","24","7","11","30.69","-88.2","56.1","3.143","116","4.237","129.8"
"2017-03-24 07:12:00","2017","3","24","7","12","30.69","-88.2","56.1","2.396","114.9","4.129","127.3"
"2017-03-24 07:13:00","2017","3","24","7","13","30.69","-88.2","56.1","2.024","108.3","3.533","122.5"
"2017-03-24 07:14:00","2017","3","24","7","14","30.69","-88.2","56.1","2.403","117.1","3.471","131.4"
"2017-03-24 07:15:00","2017","3","24","7","15","30.69","-88.2","56.1","2.649","125.7","3.584","131.4"
"2017-03-24 07:16:00","2017","3","24","7","16","30.69","-88.2","56.1","4.047","111.4","6.241","113.5"
"2017-03-24 07:17:00","2017","3","24","7","17","30.69","-88.2","56.1","2.808","119.2","3.935","126"
"2017-03-24 07:18:00","2017","3","24","7","18","30.69","-88.2","56.1","2.345","123","3.239","130.1"
"2017-03-24 07:19:00","2017","3","24","7","19","30.69","-88.2","56.1","2.476","110.4","3.152","124.9"
"2017-03-24 07:20:00","2017","3","24","7","20","30.69","-88.2","56.1","3.09","119","4.402","130.5"
"2017-03-24 07:21:00","2017","3","24","7","21","30.69","-88.2","56.1","2.679","124.1","4.644","129.9"
"2017-03-24 07:22:00","2017","3","24","7","22","30.69","-88.2","56.1","2.984","113.6","3.771","128"
"2017-03-24 07:23:00","2017","3","24","7","23","30.69","-88.2","56.1","2.063","108.9","3.128","122.6"
"2017-03-24 07:24:00","2017","3","24","7","24","30.69","-88.2","56.1","2.47","119.6","2.878","132.9"
"2017-03-24 07:25:00","2017","3","24","7","25","30.69","-88.2","56.1","2.177","100.1","2.514","111.8"
"2017-03-24 07:26:00","2017","3","24","7","26","30.69","-88.2","56.1","2.68","105","2.878","124.1"
"2017-03-24 07:27:00","2017","3","24","7","27","30.69","-88.2","56.1","2.378","122.2","3.092","135.7"
"2017-03-24 07:28:00","2017","3","24","7","28","30.69","-88.2","56.1","3.213","132.5","5.294","122.7"
"2017-03-24 07:29:00","2017","3","24","7","29","30.69","-88.2","56.1","2.239","113.3","3","133.1"
"2017-03-24 07:30:00","2017","3","24","7","30","30.69","-88.2","56.1","2.801","133.4","3.817","135"
"2017-03-24 07:31:00","2017","3","24","7","31","30.69","-88.2","56.1","2.613","121.1","4.748","130.3"
"2017-03-24 07:32:00","2017","3","24","7","32","30.69","-88.2","56.1","2.311","147.6","3.949","129"
"2017-03-24 07:33:00","2017","3","24","7","33","30.69","-88.2","56.1","2.976","132.1","4.196","142.9"
"2017-03-24 07:34:00","2017","3","24","7","34","30.69","-88.2","56.1","5.106","114.4","6.6","118.9"
"2017-03-24 07:35:00","2017","3","24","7","35","30.69","-88.2","56.1","2.702","120","3.002","135"
"2017-03-24 07:36:00","2017","3","24","7","36","30.69","-88.2","56.1","2.546","119.4","4.136","124.4"
"2017-03-24 07:37:00","2017","3","24","7","37","30.69","-88.2","56.1","1.898","135.3","3.505","129.8"
"2017-03-24 07:38:00","2017","3","24","7","38","30.69","-88.2","56.1","2.037","115.7","2.852","128.8"
"2017-03-24 07:39:00","2017","3","24","7","39","30.69","-88.2","56.1","2.999","117.9","3.933","120.8"
"2017-03-24 07:40:00","2017","3","24","7","40","30.69","-88.2","56.1","3.041","105.4","4.137","120.3"
"2017-03-24 07:41:00","2017","3","24","7","41","30.69","-88.2","56.1","2.907","100.9","3.423","132.4"
"2017-03-24 07:42:00","2017","3","24","7","42","30.69","-88.2","56.1","3.445","121","4.996","119.6"
"2017-03-24 07:43:00","2017","3","24","7","43","30.69","-88.2","56.1","4.279","117.9","6.359","129"
"2017-03-24 07:44:00","2017","3","24","7","44","30.69","-88.2","56.1","3.822","100","4.681","118.2"
"2017-03-24 07:45:00","2017","3","24","7","45","30.69","-88.2","56.1","3.406","100.5","4.493","118.4"
"2017-03-24 07:46:00","2017","3","24","7","46","30.69","-88.2","56.1","3.218","114.5","4.882","124.8"
"2017-03-24 07:47:00","2017","3","24","7","47","30.69","-88.2","56.1","3.236","97.6","4.181","114.9"
"2017-03-24 07:48:00","2017","3","24","7","48","30.69","-88.2","56.1","3.897","115.8","6.241","125.1"
"2017-03-24 07:49:00","2017","3","24","7","49","30.69","-88.2","56.1","3.456","103.1","4.853","120.3"
"2017-03-24 07:50:00","2017","3","24","7","50","30.69","-88.2","56.1","3.755","97.5","5.534","113.6"
"2017-03-24 07:51:00","2017","3","24","7","51","30.69","-88.2","56.1","3.531","94.8","3.864","116.6"
"2017-03-24 07:52:00","2017","3","24","7","52","30.69","-88.2","56.1","2.202","114","3.118","119.3"
"2017-03-24 07:53:00","2017","3","24","7","53","30.69","-88.2","56.1","2.577","111.6","4.232","128.9"
"2017-03-24 07:54:00","2017","3","24","7","54","30.69","-88.2","56.1","3.26","120","5.498","121.9"
"2017-03-24 07:55:00","2017","3","24","7","55","30.69","-88.2","56.1","3.031","111.2","4.305","125.2"
"2017-03-24 07:56:00","2017","3","24","7","56","30.69","-88.2","56.1","3.783","98.4","4.397","110.7"
"2017-03-24 07:57:00","2017","3","24","7","57","30.69","-88.2","56.1","3.704","123.2","6.068","125.1"
"2017-03-24 07:58:00","2017","3","24","7","58","30.69","-88.2","56.1","4.229","112.1","5.575","123.2"
"2017-03-24 07:59:00","2017","3","24","7","59","30.69","-88.2","56.1","3.245","118.1","4.493","114.9"
"2017-03-24 08:00:00","2017","3","24","8","0","30.69","-88.2","56.1","2.408","99.2","3.146","107.7"
"2017-03-24 08:01:00","2017","3","24","8","1","30.69","-88.2","56.1","2.058","116.5","2.834","115.5"
"2017-03-24 08:02:00","2017","3","24","8","2","30.69","-88.2","56.1","2.463","90.7","3.296","105.3"
"2017-03-24 08:03:00","2017","3","24","8","3","30.69","-88.2","56.1","2.932","86.2","3.913","109.7"
"2017-03-24 08:04:00","2017","3","24","8","4","30.69","-88.2","56.1","3.113","102","3.693","116.9"
"2017-03-24 08:05:00","2017","3","24","8","5","30.69","-88.2","56.1","3.005","92.8","3.616","104.3"
"2017-03-24 08:06:00","2017","3","24","8","6","30.69","-88.2","56.1","1.69","115.1","2.517","142"
"2017-03-24 08:07:00","2017","3","24","8","7","30.69","-88.2","56.1","3.342","126.5","4.323","136.9"
"2017-03-24 08:08:00","2017","3","24","8","8","30.69","-88.2","56.1","2.047","113.2","2.695","119.8"
"2017-03-24 08:09:00","2017","3","24","8","9","30.69","-88.2","56.1","2.114","134.8","3.972","134.3"
"2017-03-24 08:10:00","2017","3","24","8","10","30.69","-88.2","56.1","1.622","120.2","2.648","127.5"
"2017-03-24 08:11:00","2017","3","24","8","11","30.69","-88.2","56.1","3.089","84.5","3.094","113.6"
"2017-03-24 08:12:00","2017","3","24","8","12","30.69","-88.2","56.1","3.512","101","4.008","112"
"2017-03-24 08:13:00","2017","3","24","8","13","30.69","-88.2","56.1","4.206","107.8","5.486","116.7"
"2017-03-24 08:14:00","2017","3","24","8","14","30.69","-88.2","56.1","2.888","105.5","3.732","132.1"
"2017-03-24 08:15:00","2017","3","24","8","15","30.69","-88.2","56.1","2.775","120.1","4.154","120.3"
"2017-03-24 08:16:00","2017","3","24","8","16","30.69","-88.2","56.1","3.691","110.9","4.995","121.3"
"2017-03-24 08:17:00","2017","3","24","8","17","30.69","-88.2","56.1","3.592","100.6","4.645","117.8"
"2017-03-24 08:18:00","2017","3","24","8","18","30.69","-88.2","56.1","2.881","146","3.678","135.5"
"2017-03-24 08:19:00","2017","3","24","8","19","30.69","-88.2","56.1","1.815","103","3.518","120.1"
"2017-03-24 08:20:00","2017","3","24","8","20","30.69","-88.2","56.1","3.85","94","4.49","107.8"
"2017-03-24 08:21:00","2017","3","24","8","21","30.69","-88.2","56.1","2.719","104.2","4.234","124.5"
"2017-03-24 08:22:00","2017","3","24","8","22","30.69","-88.2","56.1","4.456","93.2","6.004","107.8"
"2017-03-24 08:23:00","2017","3","24","8","23","30.69","-88.2","56.1","3.6","98.6","4.777","112.9"
"2017-03-24 08:24:00","2017","3","24","8","24","30.69","-88.2","56.1","3.714","104.7","4.472","119.7"
"2017-03-24 08:25:00","2017","3","24","8","25","30.69","-88.2","56.1","3.25","112","4.678","125.7"
"2017-03-24 08:26:00","2017","3","24","8","26","30.69","-88.2","56.1","2.46","128.9","3.781","135.1"
"2017-03-24 08:27:00","2017","3","24","8","27","30.69","-88.2","56.1","3.071","111.8","3.559","134.1"
"2017-03-24 08:28:00","2017","3","24","8","28","30.69","-88.2","56.1","2.587","134.2","3.35","136"
"2017-03-24 08:29:00","2017","3","24","8","29","30.69","-88.2","56.1","3.451","126.4","5.415","130.1"
"2017-03-24 08:30:00","2017","3","24","8","30","30.69","-88.2","56.1","2.831","118.8","3.819","130.5"
"2017-03-24 08:31:00","2017","3","24","8","31","30.69","-88.2","56.1","3.036","126.9","5.365","132.2"
"2017-03-24 08:32:00","2017","3","24","8","32","30.69","-88.2","56.1","2.734","126.9","4.521","131.9"
"2017-03-24 08:33:00","2017","3","24","8","33","30.69","-88.2","56.1","2.473","131.4","4.39","128.1"
"2017-03-24 08:34:00","2017","3","24","8","34","30.69","-88.2","56.1","2.45","110.4","3.125","130.9"
"2017-03-24 08:35:00","2017","3","24","8","35","30.69","-88.2","56.1","2.992","112.8","4.227","125.7"
"2017-03-24 08:36:00","2017","3","24","8","36","30.69","-88.2","56.1","3.152","111.4","4.446","125.7"
"2017-03-24 08:37:00","2017","3","24","8","37","30.69","-88.2","56.1","3.314","111.4","3.758","124.3"
"2017-03-24 08:38:00","2017","3","24","8","38","30.69","-88.2","56.1","2.36","114.2","3.074","110.7"
"2017-03-24 08:39:00","2017","3","24","8","39","30.69","-88.2","56.1","2.68","105.3","3.551","123.1"
"2017-03-24 08:40:00","2017","3","24","8","40","30.69","-88.2","56.1","2.038","106.1","2.326","111.2"
"2017-03-24 08:41:00","2017","3","24","8","41","30.69","-88.2","56.1","3.147","113.5","4.289","122.4"
"2017-03-24 08:42:00","2017","3","24","8","42","30.69","-88.2","56.1","3.069","126.7","3.03","150"
"2017-03-24 08:43:00","2017","3","24","8","43","30.69","-88.2","56.1","3.061","119.5","4.709","126.4"
"2017-03-24 08:44:00","2017","3","24","8","44","30.69","-88.2","56.1","2.963","116.6","4.106","131.5"
"2017-03-24 08:45:00","2017","3","24","8","45","30.69","-88.2","56.1","4.221","107.5","4.843","116.2"
"2017-03-24 08:46:00","2017","3","24","8","46","30.69","-88.2","56.1","2.677","120.5","4.529","131.5"
"2017-03-24 08:47:00","2017","3","24","8","47","30.69","-88.2","56.1","5.024","128.1","7.546","137.2"
"2017-03-24 08:48:00","2017","3","24","8","48","30.69","-88.2","56.1","4.15","103.3","5.253","119.5"
"2017-03-24 08:49:00","2017","3","24","8","49","30.69","-88.2","56.1","2.51","113.8","3.512","151.7"
"2017-03-24 08:50:00","2017","3","24","8","50","30.69","-88.2","56.1","3.092","113.2","4.292","127.9"
"2017-03-24 08:51:00","2017","3","24","8","51","30.69","-88.2","56.1","3.02","97.5","4.354","114.7"
"2017-03-24 08:52:00","2017","3","24","8","52","30.69","-88.2","56.1","3.737","117.1","5.161","126.5"
"2017-03-24 08:53:00","2017","3","24","8","53","30.69","-88.2","56.1","4.338","96.6","5.212","114.1"
"2017-03-24 08:54:00","2017","3","24","8","54","30.69","-88.2","56.1","2.257","101.7","2.891","108.5"
"2017-03-24 08:55:00","2017","3","24","8","55","30.69","-88.2","56.1","3.518","100.1","4.67","107.5"
"2017-03-24 08:56:00","2017","3","24","8","56","30.69","-88.2","56.1","2.942","102","3.657","116.6"
"2017-03-24 08:57:00","2017","3","24","8","57","30.69","-88.2","56.1","2.991","106.9","4.072","128.5"
"2017-03-24 08:58:00","2017","3","24","8","58","30.69","-88.2","56.1","2.581","113.2","3.855","123.3"
"2017-03-24 08:59:00","2017","3","24","8","59","30.69","-88.2","56.1","3.334","110.4","5.315","118.1"
"2017-03-24 09:00:00","2017","3","24","9","0","30.69","-88.2","56.1","4.501","126.1","6.399","128.5"
"2017-03-24 09:01:00","2017","3","24","9","1","30.69","-88.2","56.1","3.139","127.1","4.082","138.9"
"2017-03-24 09:02:00","2017","3","24","9","2","30.69","-88.2","56.1","2.708","110.2","3.861","129"
"2017-03-24 09:03:00","2017","3","24","9","3","30.69","-88.2","56.1","3.272","113.7","4.598","124.1"
"2017-03-24 09:04:00","2017","3","24","9","4","30.69","-88.2","56.1","4.222","135.2","5.134","145.1"
"2017-03-24 09:05:00","2017","3","24","9","5","30.69","-88.2","56.1","1.931","129.6","2.62","117.7"
"2017-03-24 09:06:00","2017","3","24","9","6","30.69","-88.2","56.1","1.437","148.8","2.613","141.9"
"2017-03-24 09:07:00","2017","3","24","9","7","30.69","-88.2","56.1","2.314","116.3","2.937","124.6"
"2017-03-24 09:08:00","2017","3","24","9","8","30.69","-88.2","56.1","2.435","101.7","4.423","122.6"
"2017-03-24 09:09:00","2017","3","24","9","9","30.69","-88.2","56.1","2.519","133.3","3.788","144.3"
"2017-03-24 09:10:00","2017","3","24","9","10","30.69","-88.2","56.1","1.87","100.4","2.391","120.2"
"2017-03-24 09:11:00","2017","3","24","9","11","30.69","-88.2","56.1","1.129","124.3","1.903","137.2"
"2017-03-24 09:12:00","2017","3","24","9","12","30.69","-88.2","56.1","2.736","111.2","4.06","121"
"2017-03-24 09:13:00","2017","3","24","9","13","30.69","-88.2","56.1","3.642","96.2","5.212","115.2"
"2017-03-24 09:14:00","2017","3","24","9","14","30.69","-88.2","56.1","3.562","89","4.201","109"
"2017-03-24 09:15:00","2017","3","24","9","15","30.69","-88.2","56.1","3.539","105.9","4.286","119.3"
"2017-03-24 09:16:00","2017","3","24","9","16","30.69","-88.2","56.1","3.027","112.1","4.425","125.8"
"2017-03-24 09:17:00","2017","3","24","9","17","30.69","-88.2","56.1","3.178","120","5.455","135"
"2017-03-24 09:18:00","2017","3","24","9","18","30.69","-88.2","56.1","3.762","125.9","6.154","145.6"
"2017-03-24 09:19:00","2017","3","24","9","19","30.69","-88.2","56.1","3.232","125.9","4.583","141.2"
"2017-03-24 09:20:00","2017","3","24","9","20","30.69","-88.2","56.1","2.131","116.5","3.307","133.2"
"2017-03-24 09:21:00","2017","3","24","9","21","30.69","-88.2","56.1","3.022","125.8","3.665","138.3"
"2017-03-24 09:22:00","2017","3","24","9","22","30.69","-88.2","56.1","1.659","157.1","2.646","133.9"
"2017-03-24 09:23:00","2017","3","24","9","23","30.69","-88.2","56.1","3.036","119.5","4.044","134.7"
"2017-03-24 09:24:00","2017","3","24","9","24","30.69","-88.2","56.1","3.631","123.3","5.911","128.4"
"2017-03-24 09:25:00","2017","3","24","9","25","30.69","-88.2","56.1","2.651","106.3","3.559","125.2"
"2017-03-24 09:26:00","2017","3","24","9","26","30.69","-88.2","56.1","2.218","118.5","3.443","118.8"
"2017-03-24 09:27:00","2017","3","24","9","27","30.69","-88.2","56.1","2.367","107.9","3.188","116.7"
"2017-03-24 09:28:00","2017","3","24","9","28","30.69","-88.2","56.1","3.708","113.6","5.065","123.7"
"2017-03-24 09:29:00","2017","3","24","9","29","30.69","-88.2","56.1","2.107","116.3","3.092","135"
"2017-03-24 09:30:00","2017","3","24","9","30","30.69","-88.2","56.1","3.482","130.1","5.751","132.5"
"2017-03-24 09:31:00","2017","3","24","9","31","30.69","-88.2","56.1","2.966","125.6","4.322","145.4"
"2017-03-24 09:32:00","2017","3","24","9","32","30.69","-88.2","56.1","4.029","117.5","5.661","137"
"2017-03-24 09:33:00","2017","3","24","9","33","30.69","-88.2","56.1","3.476","104.5","4.452","133.5"
"2017-03-24 09:34:00","2017","3","24","9","34","30.69","-88.2","56.1","2.839","118","3.82","139.3"
"2017-03-24 09:35:00","2017","3","24","9","35","30.69","-88.2","56.1","2.238","130","3.116","140.3"
"2017-03-24 09:36:00","2017","3","24","9","36","30.69","-88.2","56.1","2.39","117.4","3.812","132.5"
"2017-03-24 09:37:00","2017","3","24","9","37","30.69","-88.2","56.1","2.127","112","2.93","134.3"
"2017-03-24 09:38:00","2017","3","24","9","38","30.69","-88.2","56.1","2.943","124.8","4.831","140.1"
"2017-03-24 09:39:00","2017","3","24","9","39","30.69","-88.2","56.1","1.806","128.8","2.141","131.3"
"2017-03-24 09:40:00","2017","3","24","9","40","30.69","-88.2","56.1","3.301","121.6","5.281","131.2"
"2017-03-24 09:41:00","2017","3","24","9","41","30.69","-88.2","56.1","3.151","111.9","5.204","119.8"
"2017-03-24 09:42:00","2017","3","24","9","42","30.69","-88.2","56.1","3.046","117.9","4.469","128.8"
"2017-03-24 09:43:00","2017","3","24","9","43","30.69","-88.2","56.1","2.951","120.1","4.725","125"
"2017-03-24 09:44:00","2017","3","24","9","44","30.69","-88.2","56.1","2.829","98.9","3.548","120.1"
"2017-03-24 09:45:00","2017","3","24","9","45","30.69","-88.2","56.1","3.151","102.8","4.742","126.9"
"2017-03-24 09:46:00","2017","3","24","9","46","30.69","-88.2","56.1","3.219","111","5.248","129.9"
"2017-03-24 09:47:00","2017","3","24","9","47","30.69","-88.2","56.1","4.603","137","6.752","131.2"
"2017-03-24 09:48:00","2017","3","24","9","48","30.69","-88.2","56.1","3.593","107.2","4.73","124.6"
"2017-03-24 09:49:00","2017","3","24","9","49","30.69","-88.2","56.1","3.623","115.3","5.395","128.9"
"2017-03-24 09:50:00","2017","3","24","9","50","30.69","-88.2","56.1","3.592","125.1","4.844","128.6"
"2017-03-24 09:51:00","2017","3","24","9","51","30.69","-88.2","56.1","4.47","114.6","5.369","129.6"
"2017-03-24 09:52:00","2017","3","24","9","52","30.69","-88.2","56.1","2.947","117.7","3.332","122.3"
"2017-03-24 09:53:00","2017","3","24","9","53","30.69","-88.2","56.1","2.128","99.3","2.638","129.2"
"2017-03-24 09:54:00","2017","3","24","9","54","30.69","-88.2","56.1","1.9","101.3","3.074","136.3"
"2017-03-24 09:55:00","2017","3","24","9","55","30.69","-88.2","56.1","2.94","132.3","3.887","134.2"
"2017-03-24 09:56:00","2017","3","24","9","56","30.69","-88.2","56.1","1.852","136.3","3.267","163.4"
"2017-03-24 09:57:00","2017","3","24","9","57","30.69","-88.2","56.1","2.481","138","3.887","133.4"
"2017-03-24 09:58:00","2017","3","24","9","58","30.69","-88.2","56.1","2.466","131","4.047","149.4"
"2017-03-24 09:59:00","2017","3","24","9","59","30.69","-88.2","56.1","2.298","118.6","4.033","148.3"
"2017-03-24 10:00:00","2017","3","24","10","0","30.69","-88.2","56.1","2.906","126.7","4.812","136.8"
"2017-03-24 10:01:00","2017","3","24","10","1","30.69","-88.2","56.1","3.167","113.1","3.855","126"
"2017-03-24 10:02:00","2017","3","24","10","2","30.69","-88.2","56.1","2.742","118","4.108","135.4"
"2017-03-24 10:03:00","2017","3","24","10","3","30.69","-88.2","56.1","4.853","120.4","6.772","133.3"
"2017-03-24 10:04:00","2017","3","24","10","4","30.69","-88.2","56.1","3.472","120.1","5.045","132.1"
"2017-03-24 10:05:00","2017","3","24","10","5","30.69","-88.2","56.1","3.192","118.5","5.039","128.1"
"2017-03-24 10:06:00","2017","3","24","10","6","30.69","-88.2","56.1","4.332","125","5.795","123.9"
"2017-03-24 10:07:00","2017","3","24","10","7","30.69","-88.2","56.1","2.182","97","3.174","129.4"
"2017-03-24 10:08:00","2017","3","24","10","8","30.69","-88.2","56.1","3.322","116.3","4.923","125.7"
"2017-03-24 10:09:00","2017","3","24","10","9","30.69","-88.2","56.1","2.388","116.1","4.348","114.1"
"2017-03-24 10:10:00","2017","3","24","10","10","30.69","-88.2","56.1","3.713","111.8","4.296","129.7"
"2017-03-24 10:11:00","2017","3","24","10","11","30.69","-88.2","56.1","2.138","114.5","2.582","121.6"
"2017-03-24 10:12:00","2017","3","24","10","12","30.69","-88.2","56.1","2.349","110.4","3.108","136"
"2017-03-24 10:13:00","2017","3","24","10","13","30.69","-88.2","56.1","1.735","108.2","2.69","119.5"
"2017-03-24 10:14:00","2017","3","24","10","14","30.69","-88.2","56.1","2.226","100.6","3.468","120"
"2017-03-24 10:15:00","2017","3","24","10","15","30.69","-88.2","56.1","2.068","98.3","1.726","137.6"
"2017-03-24 10:16:00","2017","3","24","10","16","30.69","-88.2","56.1","2.066","106.2","3.214","132.1"
"2017-03-24 10:17:00","2017","3","24","10","17","30.69","-88.2","56.1","2.693","136.1","4.255","137.7"
"2017-03-24 10:18:00","2017","3","24","10","18","30.69","-88.2","56.1","1.963","120.2","2.945","125.5"
"2017-03-24 10:19:00","2017","3","24","10","19","30.69","-88.2","56.1","2.202","101.2","3.105","112.9"
"2017-03-24 10:20:00","2017","3","24","10","20","30.69","-88.2","56.1","2.342","111.7","3.376","113.7"
"2017-03-24 10:21:00","2017","3","24","10","21","30.69","-88.2","56.1","2.775","99.9","3.949","114.2"
"2017-03-24 10:22:00","2017","3","24","10","22","30.69","-88.2","56.1","2.907","104.9","3.463","118.5"
"2017-03-24 10:23:00","2017","3","24","10","23","30.69","-88.2","56.1","3.064","133.5","4.358","134.1"
"2017-03-24 10:24:00","2017","3","24","10","24","30.69","-88.2","56.1","2.623","106.4","3.977","119.5"
"2017-03-24 10:25:00","2017","3","24","10","25","30.69","-88.2","56.1","2.368","103.2","4.658","117.6"
"2017-03-24 10:26:00","2017","3","24","10","26","30.69","-88.2","56.1","2.074","106.8","2.564","130.6"
"2017-03-24 10:27:00","2017","3","24","10","27","30.69","-88.2","56.1","1.782","140.6","2.924","132.3"
"2017-03-24 10:28:00","2017","3","24","10","28","30.69","-88.2","56.1","3.159","115.8","4.323","122.4"
"2017-03-24 10:29:00","2017","3","24","10","29","30.69","-88.2","56.1","2.326","110.6","3.002","118.3"
"2017-03-24 10:30:00","2017","3","24","10","30","30.69","-88.2","56.1","3.678","98.4","3.948","104"
"2017-03-24 10:31:00","2017","3","24","10","31","30.69","-88.2","56.1","2.345","112.2","2.969","125.6"
"2017-03-24 10:32:00","2017","3","24","10","32","30.69","-88.2","56.1","2.739","122.9","3.559","131.2"
"2017-03-24 10:33:00","2017","3","24","10","33","30.69","-88.2","56.1","3.258","97.1","4.137","106.7"
"2017-03-24 10:34:00","2017","3","24","10","34","30.69","-88.2","56.1","3.154","104.4","5.138","120.9"
"2017-03-24 10:35:00","2017","3","24","10","35","30.69","-88.2","56.1","4.103","104.8","5.81","111.8"
"2017-03-24 10:36:00","2017","3","24","10","36","30.69","-88.2","56.1","4.008","112.8","5.38","114.8"
"2017-03-24 10:37:00","2017","3","24","10","37","30.69","-88.2","56.1","4.283","94.1","5.743","117.9"
"2017-03-24 10:38:00","2017","3","24","10","38","30.69","-88.2","56.1","2.907","122.9","3.437","130.5"
"2017-03-24 10:39:00","2017","3","24","10","39","30.69","-88.2","56.1","3.708","96","4.719","106.2"
"2017-03-24 10:40:00","2017","3","24","10","40","30.69","-88.2","56.1","4.025","93.7","5.697","108.1"
"2017-03-24 10:41:00","2017","3","24","10","41","30.69","-88.2","56.1","5.428","109","6.72","119.3"
"2017-03-24 10:42:00","2017","3","24","10","42","30.69","-88.2","56.1","3.45","122.1","4.774","129.6"
"2017-03-24 10:43:00","2017","3","24","10","43","30.69","-88.2","56.1","3.704","109.9","4.39","118.4"
"2017-03-24 10:44:00","2017","3","24","10","44","30.69","-88.2","56.1","3.745","97","3.982","101.9"
"2017-03-24 10:45:00","2017","3","24","10","45","30.69","-88.2","56.1","3.959","112.7","4.423","119.9"
"2017-03-24 10:46:00","2017","3","24","10","46","30.69","-88.2","56.1","5.326","121","7.812","121.9"
"2017-03-24 10:47:00","2017","3","24","10","47","30.69","-88.2","56.1","3.174","111.6","4.087","122.1"
"2017-03-24 10:48:00","2017","3","24","10","48","30.69","-88.2","56.1","4.371","98.8","6.084","113.5"
"2017-03-24 10:49:00","2017","3","24","10","49","30.69","-88.2","56.1","2.974","110.1","3.497","121.9"
"2017-03-24 10:50:00","2017","3","24","10","50","30.69","-88.2","56.1","2.943","96.6","3.21","112.3"
"2017-03-24 10:51:00","2017","3","24","10","51","30.69","-88.2","56.1","4.152","119.1","6.45","127.6"
"2017-03-24 10:52:00","2017","3","24","10","52","30.69","-88.2","56.1","2.891","114","4.392","121.3"
"2017-03-24 10:53:00","2017","3","24","10","53","30.69","-88.2","56.1","2.786","110","3.575","135.8"
"2017-03-24 10:54:00","2017","3","24","10","54","30.69","-88.2","56.1","4.681","101.8","5.495","121.4"
"2017-03-24 10:55:00","2017","3","24","10","55","30.69","-88.2","56.1","3.263","105.2","4.965","125.7"
"2017-03-24 10:56:00","2017","3","24","10","56","30.69","-88.2","56.1","4.008","112.7","5.085","114.2"
"2017-03-24 10:57:00","2017","3","24","10","57","30.69","-88.2","56.1","3.505","116.2","3.824","137.5"
"2017-03-24 10:58:00","2017","3","24","10","58","30.69","-88.2","56.1","3.031","118.2","4.392","137.4"
"2017-03-24 10:59:00","2017","3","24","10","59","30.69","-88.2","56.1","4.217","109","5.152","121.2"
"2017-03-24 11:00:00","2017","3","24","11","0","30.69","-88.2","56.1","3.682","104.9","3.972","112.3"
"2017-03-24 11:01:00","2017","3","24","11","1","30.69","-88.2","56.1","2.804","95.2","3.28","112.9"
"2017-03-24 11:02:00","2017","3","24","11","2","30.69","-88.2","56.1","2.84","86.4","3.964","103.6"
"2017-03-24 11:03:00","2017","3","24","11","3","30.69","-88.2","56.1","3.29","106.7","3.895","113.7"
"2017-03-24 11:04:00","2017","3","24","11","4","30.69","-88.2","56.1","1.759","100.7","2.445","128.9"
"2017-03-24 11:05:00","2017","3","24","11","5","30.69","-88.2","56.1","3.108","96.8","4.795","114.3"
"2017-03-24 11:06:00","2017","3","24","11","6","30.69","-88.2","56.1","4.825","102.1","5.86","114.1"
"2017-03-24 11:07:00","2017","3","24","11","7","30.69","-88.2","56.1","3.84","114","5.581","130.7"
"2017-03-24 11:08:00","2017","3","24","11","8","30.69","-88.2","56.1","3.682","132.6","4.98","140.4"
"2017-03-24 11:09:00","2017","3","24","11","9","30.69","-88.2","56.1","2.821","115.5","4.149","123.7"
"2017-03-24 11:10:00","2017","3","24","11","10","30.69","-88.2","56.1","2.79","99.4","3.845","114"
"2017-03-24 11:11:00","2017","3","24","11","11","30.69","-88.2","56.1","3.206","104.1","4.172","126.5"
"2017-03-24 11:12:00","2017","3","24","11","12","30.69","-88.2","56.1","3.517","123.4","4.603","130.9"
"2017-03-24 11:13:00","2017","3","24","11","13","30.69","-88.2","56.1","2.12","124.6","4.013","127"
"2017-03-24 11:14:00","2017","3","24","11","14","30.69","-88.2","56.1","3.009","112.5","4.124","130.2"
"2017-03-24 11:15:00","2017","3","24","11","15","30.69","-88.2","56.1","2.849","127.2","3.829","124.5"
"2017-03-24 11:16:00","2017","3","24","11","16","30.69","-88.2","56.1","3.731","99.1","4.188","110.7"
"2017-03-24 11:17:00","2017","3","24","11","17","30.69","-88.2","56.1","4.689","111.8","6.399","120.6"
"2017-03-24 11:18:00","2017","3","24","11","18","30.69","-88.2","56.1","2.264","105.1","3.152","125.5"
"2017-03-24 11:19:00","2017","3","24","11","19","30.69","-88.2","56.1","1.695","106.9","2.607","111.7"
"2017-03-24 11:20:00","2017","3","24","11","20","30.69","-88.2","56.1","3.621","100","3.659","114.9"
"2017-03-24 11:21:00","2017","3","24","11","21","30.69","-88.2","56.1","3.352","122.5","5.109","124"
"2017-03-24 11:22:00","2017","3","24","11","22","30.69","-88.2","56.1","3.059","118.7","3.374","155.4"
"2017-03-24 11:23:00","2017","3","24","11","23","30.69","-88.2","56.1","4.516","99","5.901","122.6"
"2017-03-24 11:24:00","2017","3","24","11","24","30.69","-88.2","56.1","4.144","112","6.357","123.1"
"2017-03-24 11:25:00","2017","3","24","11","25","30.69","-88.2","56.1","2.831","112.6","3.799","145.7"
"2017-03-24 11:26:00","2017","3","24","11","26","30.69","-88.2","56.1","2.703","113","3.317","123.7"
"2017-03-24 11:27:00","2017","3","24","11","27","30.69","-88.2","56.1","3.193","118","4.779","136.8"
"2017-03-24 11:28:00","2017","3","24","11","28","30.69","-88.2","56.1","2.568","146.1","3.306","160.6"
"2017-03-24 11:29:00","2017","3","24","11","29","30.69","-88.2","56.1","3.308","124.2","5.32","126.1"
"2017-03-24 11:30:00","2017","3","24","11","30","30.69","-88.2","56.1","1.767","121.6","3.036","134.2"
"2017-03-24 11:31:00","2017","3","24","11","31","30.69","-88.2","56.1","3.288","108.1","4.154","134.1"
"2017-03-24 11:32:00","2017","3","24","11","32","30.69","-88.2","56.1","2.811","116.4","4.176","140.4"
"2017-03-24 11:33:00","2017","3","24","11","33","30.69","-88.2","56.1","1.328","113.4","2.182","116.6"
"2017-03-24 11:34:00","2017","3","24","11","34","30.69","-88.2","56.1","4.564","110.6","6.377","123.5"
"2017-03-24 11:35:00","2017","3","24","11","35","30.69","-88.2","56.1","5.085","117.6","5.914","135.3"
"2017-03-24 11:36:00","2017","3","24","11","36","30.69","-88.2","56.1","4.018","115","5.001","126.5"
"2017-03-24 11:37:00","2017","3","24","11","37","30.69","-88.2","56.1","5.31","117.4","6.739","129"
"2017-03-24 11:38:00","2017","3","24","11","38","30.69","-88.2","56.1","3.822","122.5","4.903","139.9"
"2017-03-24 11:39:00","2017","3","24","11","39","30.69","-88.2","56.1","3.206","126.7","3.649","133.5"
"2017-03-24 11:40:00","2017","3","24","11","40","30.69","-88.2","56.1","1.877","130.6","3.174","123.3"
"2017-03-24 11:41:00","2017","3","24","11","41","30.69","-88.2","56.1","1.906","109.4","2.857","126.7"
"2017-03-24 11:42:00","2017","3","24","11","42","30.69","-88.2","56.1","3.247","92.2","3.458","116.9"
"2017-03-24 11:43:00","2017","3","24","11","43","30.69","-88.2","56.1","3.912","125.3","5.397","127.7"
"2017-03-24 11:44:00","2017","3","24","11","44","30.69","-88.2","56.1","1.018","130","2.086","132.8"
"2017-03-24 11:45:00","2017","3","24","11","45","30.69","-88.2","56.1","2.171","112","3.085","124.9"
"2017-03-24 11:46:00","2017","3","24","11","46","30.69","-88.2","56.1","1.428","96.5","1.579","124.7"
"2017-03-24 11:47:00","2017","3","24","11","47","30.69","-88.2","56.1","2.95","108.1","3.752","132"
"2017-03-24 11:48:00","2017","3","24","11","48","30.69","-88.2","56.1","2.458","116","3.693","140.3"
"2017-03-24 11:49:00","2017","3","24","11","49","30.69","-88.2","56.1","3.069","114","4.237","128.9"
"2017-03-24 11:50:00","2017","3","24","11","50","30.69","-88.2","56.1","3.009","105.9","4.261","126.2"
"2017-03-24 11:51:00","2017","3","24","11","51","30.69","-88.2","56.1","2.955","113.3","4.301","122.8"
"2017-03-24 11:52:00","2017","3","24","11","52","30.69","-88.2","56.1","2.499","121.6","3.672","150"
"2017-03-24 11:53:00","2017","3","24","11","53","30.69","-88.2","56.1","2.287","128.8","3.974","136.6"
"2017-03-24 11:54:00","2017","3","24","11","54","30.69","-88.2","56.1","3.258","146.7","5.042","147.1"
"2017-03-24 11:55:00","2017","3","24","11","55","30.69","-88.2","56.1","2.314","105.9","3.03","121.5"
"2017-03-24 11:56:00","2017","3","24","11","56","30.69","-88.2","56.1","1.677","117.1","2.604","123.9"
"2017-03-24 11:57:00","2017","3","24","11","57","30.69","-88.2","56.1","1.493","55.59","1.552","80.9"
"2017-03-24 11:58:00","2017","3","24","11","58","30.69","-88.2","56.1","1.885","113.1","3.82","142.9"
"2017-03-24 11:59:00","2017","3","24","11","59","30.69","-88.2","56.1","2.845","107.5","4.451","113.7"
"2017-03-24 12:00:00","2017","3","24","12","0","30.69","-88.2","56.1","4.127","119.7","5.357","144.3"
"2017-03-24 12:01:00","2017","3","24","12","1","30.69","-88.2","56.1","4.003","118.9","5.589","125.2"
"2017-03-24 12:02:00","2017","3","24","12","2","30.69","-88.2","56.1","4.183","111.2","6.118","131.9"
"2017-03-24 12:03:00","2017","3","24","12","3","30.69","-88.2","56.1","3.878","120","5.9","135"
"2017-03-24 12:04:00","2017","3","24","12","4","30.69","-88.2","56.1","3.103","146.5","3.864","133.3"
"2017-03-24 12:05:00","2017","3","24","12","5","30.69","-88.2","56.1","1.757","99.8","2.132","149"
"2017-03-24 12:06:00","2017","3","24","12","6","30.69","-88.2","56.1","0.559","133.2","1.083","142.5"
"2017-03-24 12:07:00","2017","3","24","12","7","30.69","-88.2","56.1","2.229","103.5","3.304","150.2"
"2017-03-24 12:08:00","2017","3","24","12","8","30.69","-88.2","56.1","2.2","124","1.803","173.5"
"2017-03-24 12:09:00","2017","3","24","12","9","30.69","-88.2","56.1","3.239","106","3.944","129.3"
"2017-03-24 12:10:00","2017","3","24","12","10","30.69","-88.2","56.1","3.414","118.5","5.354","131.2"
"2017-03-24 12:11:00","2017","3","24","12","11","30.69","-88.2","56.1","2.772","117.3","3.378","128.8"
"2017-03-24 12:12:00","2017","3","24","12","12","30.69","-88.2","56.1","1.57","86.6","2.145","111.3"
"2017-03-24 12:13:00","2017","3","24","12","13","30.69","-88.2","56.1","3.967","110.2","5.774","130.8"
"2017-03-24 12:14:00","2017","3","24","12","14","30.69","-88.2","56.1","4.288","121.8","5.98","136.9"
"2017-03-24 12:15:00","2017","3","24","12","15","30.69","-88.2","56.1","4.242","107.3","5.875","131.2"
"2017-03-24 12:16:00","2017","3","24","12","16","30.69","-88.2","56.1","4.198","125","5.797","136.1"
"2017-03-24 12:17:00","2017","3","24","12","17","30.69","-88.2","56.1","4.376","111.1","5.996","127.8"
"2017-03-24 12:18:00","2017","3","24","12","18","30.69","-88.2","56.1","2.824","108.9","3.729","126.6"
"2017-03-24 12:19:00","2017","3","24","12","19","30.69","-88.2","56.1","3.164","106.8","4.742","125.1"
"2017-03-24 12:20:00","2017","3","24","12","20","30.69","-88.2","56.1","2.198","137","3.711","166.7"
"2017-03-24 12:21:00","2017","3","24","12","21","30.69","-88.2","56.1","2.819","123.3","3.629","139.9"
"2017-03-24 12:22:00","2017","3","24","12","22","30.69","-88.2","56.1","3.156","127.2","4.998","134"
"2017-03-24 12:23:00","2017","3","24","12","23","30.69","-88.2","56.1","3.956","119.9","6.107","137.7"
"2017-03-24 12:24:00","2017","3","24","12","24","30.69","-88.2","56.1","4.725","120.1","6.729","125"
"2017-03-24 12:25:00","2017","3","24","12","25","30.69","-88.2","56.1","2.739","98","3.771","125.9"
"2017-03-24 12:26:00","2017","3","24","12","26","30.69","-88.2","56.1","4.002","116","5.905","134.2"
"2017-03-24 12:27:00","2017","3","24","12","27","30.69","-88.2","56.1","4.031","118.3","5.374","136.5"
"2017-03-24 12:28:00","2017","3","24","12","28","30.69","-88.2","56.1","1.849","112.6","2.827","140.9"
"2017-03-24 12:29:00","2017","3","24","12","29","30.69","-88.2","56.1","1.377","109.6","1.312","128.9"
"2017-03-24 12:30:00","2017","3","24","12","30","30.69","-88.2","56.1","3.758","112.7","5.62","130.6"
"2017-03-24 12:31:00","2017","3","24","12","31","30.69","-88.2","56.1","3.603","122.9","5.06","134.6"
"2017-03-24 12:32:00","2017","3","24","12","32","30.69","-88.2","56.1","3.863","125.8","5.689","133.3"
"2017-03-24 12:33:00","2017","3","24","12","33","30.69","-88.2","56.1","2.51","138.6","3.977","137.3"
"2017-03-24 12:34:00","2017","3","24","12","34","30.69","-88.2","56.1","2.161","118.7","3.373","141.3"
"2017-03-24 12:35:00","2017","3","24","12","35","30.69","-88.2","56.1","4.057","117","6.506","130.8"
"2017-03-24 12:36:00","2017","3","24","12","36","30.69","-88.2","56.1","2.829","115.6","4.292","113.7"
"2017-03-24 12:37:00","2017","3","24","12","37","30.69","-88.2","56.1","2.958","111.8","2.974","134.3"
"2017-03-24 12:38:00","2017","3","24","12","38","30.69","-88.2","56.1","2.509","121.1","3.002","125.8"
"2017-03-24 12:39:00","2017","3","24","12","39","30.69","-88.2","56.1","2.339","110.4","2.207","123.9"
"2017-03-24 12:40:00","2017","3","24","12","40","30.69","-88.2","56.1","1.775","118.1","3.009","135.5"
"2017-03-24 12:41:00","2017","3","24","12","41","30.69","-88.2","56.1","1.434","100.8","1.676","150.6"
"2017-03-24 12:42:00","2017","3","24","12","42","30.69","-88.2","56.1","1.279","126","2.378","117.6"
"2017-03-24 12:43:00","2017","3","24","12","43","30.69","-88.2","56.1","2.14","130.5","2.314","153"
"2017-03-24 12:44:00","2017","3","24","12","44","30.69","-88.2","56.1","2.597","120.9","3.84","129.5"
"2017-03-24 12:45:00","2017","3","24","12","45","30.69","-88.2","56.1","3.076","118.6","4.431","127.8"
"2017-03-24 12:46:00","2017","3","24","12","46","30.69","-88.2","56.1","2.089","120.6","2.883","152.4"
"2017-03-24 12:47:00","2017","3","24","12","47","30.69","-88.2","56.1","1.697","146.2","2.77","132.6"
"2017-03-24 12:48:00","2017","3","24","12","48","30.69","-88.2","56.1","1.307","353","1.921","188"
"2017-03-24 12:49:00","2017","3","24","12","49","30.69","-88.2","56.1","2.081","137.8","3.459","149"
"2017-03-24 12:50:00","2017","3","24","12","50","30.69","-88.2","56.1","3.129","122.3","4.312","134.4"
"2017-03-24 12:51:00","2017","3","24","12","51","30.69","-88.2","56.1","4.194","122.4","6.408","134.6"
"2017-03-24 12:52:00","2017","3","24","12","52","30.69","-88.2","56.1","2.96","117.7","4.059","124.2"
"2017-03-24 12:53:00","2017","3","24","12","53","30.69","-88.2","56.1","2.122","120.6","1.555","149"
"2017-03-24 12:54:00","2017","3","24","12","54","30.69","-88.2","56.1","3.432","114.9","4.828","128.2"
"2017-03-24 12:55:00","2017","3","24","12","55","30.69","-88.2","56.1","2.796","116.6","3.128","127.5"
"2017-03-24 12:56:00","2017","3","24","12","56","30.69","-88.2","56.1","2.038","106.2","4.488","140.2"
"2017-03-24 12:57:00","2017","3","24","12","57","30.69","-88.2","56.1","1.643","122.6","3.433","128.7"
"2017-03-24 12:58:00","2017","3","24","12","58","30.69","-88.2","56.1","3.112","113.2","3.291","135.6"
