Time,COM Elapse,0-Pressure,0-Pressure Temperature,0-Humidity,0-Humidity Temperature,1-EE03 Humidity,1-EE03 Humidity Temperature,2-Sensor Temperature,2-Object Temperature,3-GPS Latitude,3-GPS Longitude,3-GPS Altitude,3-GPS Sat Count,4-HTU21D Humidity,4-HTU21D Humidity Temperature,5-NTC Temperature A,5-NTC Resistance A,6-Hanwei CO ppm,6-Hanwei CO SUP VDC,6-Hanwei CO VDC ,7-Hanwei CH4 ppm,7-Hanwei CH4 SUP VDC,7-Hanwei CH4 VDC ,8-IST HYT 271 Humidity,8-IST HYT 271 Humidity Temperature,13-NTC Temperature B,13-NTC Resistance B,14-EEH210 Humidity,14-EEH210 Humidity Temperature,15-IMS PT100A Temperature,15-IMS PT100A Resistance,16-IMS PT100B Temperature,16-IMS PT100B Resistance,17-IST HYT 271 Humidity B,17-IST HYT 271 Humidity Temperature B,XQ-iMet-XQ Pressure,XQ-iMet-XQ Air Temperature,XQ-iMet-XQ Humidity,XQ-iMet-XQ Humidity Temp,XQ-iMet-XQ Date,XQ-iMet-XQ Time,XQ-iMet-XQ Longitude,XQ-iMet-XQ Latitude,XQ-iMet-XQ Altitude,XQ-iMet-XQ Sat Count,
2017/07/20 16:30:13.8752,0.000,0,0,0,0,0,0,0,0,0,0,0,0,0,0,0,0,0,0,0,0,0,0,0,0,0,0,0,0,0,0,0,0,0,0,1010.66,22.41,42.1,24.06,2013/09/01,00:00:28,0,0,-17,0,
2017/07/20 16:30:14.5158,0.641,0,0,0,0,0,0,0,0,0,0,0,0,0,0,0,0,0,0,0,0,0,0,0,0,0,0,0,0,0,0,0,0,0,0,1018.38,29.98,61.2,32.47,2017/07/19,16:40:32,-88.1603645,30.7075063,46.907,4,
2017/07/20 16:30:14.5471,0.672,0,0,0,0,0,0,0,0,0,0,0,0,0,0,0,0,0,0,0,0,0,0,0,0,0,0,0,0,0,0,0,0,0,0,1018.39,30.11,60.3,32.38,2017/07/19,16:40:33,-88.1603547,30.7074455,42.926,4,
2017/07/20 16:30:14.5783,0.703,0,0,0,0,0,0,0,0,0,0,0,0,0,0,0,0,0,0,0,0,0,0,0,0,0,0,0,0,0,0,0,0,0,0,1018.36,30.18,60,32.51,2017/07/19,16:40:34,-88.1603689,30.7074514,39.188,4,
2017/07/20 16:30:14.5940,0.719,0,0,0,0,0,0,0,0,0,0,0,0,0,0,0,0,0,0,0,0,0,0,0,0,0,0,0,0,0,0,0,0,0,0,1018.32,30.11,61.3,32.34,2017/07/19,16:40:35,-88.1603827,30.7074542,37.858,4,
2017/07/20 16:30:14.6252,0.750,0,0,0,0,0,0,0,0,0,0,0,0,0,0,0,0,0,0,0,0,0,0,0,0,0,0,0,0,0,0,0,0,0,0,1018.41,30.03,61.1,32.38,2017/07/19,16:40:36,-88.1603882,30.707475,36.266,4,
2017/07/20 16:30:14.6565,0.781,0,0,0,0,0,0,0,0,0,0,0,0,0,0,0,0,0,0,0,0,0,0,0,0,0,0,0,0,0,0,0,0,0,0,1018.42,30.16,61,32.38,2017/07/19,16:40:37,-88.1603964,30.7074703,34.252,4,
2017/07/20 16:30:14.6721,0.797,0,0,0,0,0,0,0,0,0,0,0,0,0,0,0,0,0,0,0,0,0,0,0,0,0,0,0,0,0,0,0,0,0,0,1018.26,30.09,60.4,32.3,2017/07/19,16:40:38,-88.1603874,30.7074323,31.474,4,
2017/07/20 16:30:14.7034,0.828,0,0,0,0,0,0,0,0,0,0,0,0,0,0,0,0,0,0,0,0,0,0,0,0,0,0,0,0,0,0,0,0,0,0,1018.35,30.05,60.1,32.3,2017/07/19,16:40:39,-88.1603683,30.7073639,28.72,4,
2017/07/20 16:30:14.7346,0.859,0,0,0,0,0,0,0,0,0,0,0,0,0,0,0,0,0,0,0,0,0,0,0,0,0,0,0,0,0,0,0,0,0,0,1018.42,30.09,60.9,32.3,2017/07/19,16:40:40,-88.1603503,30.7073196,26.902,4,
2017/07/20 16:30:14.7502,0.875,0,0,0,0,0,0,0,0,0,0,0,0,0,0,0,0,0,0,0,0,0,0,0,0,0,0,0,0,0,0,0,0,0,0,1018.3,30.06,61.3,32.34,2017/07/19,16:40:41,-88.1603391,30.7073146,28.415,4,
2017/07/20 16:30:14.7815,0.906,0,0,0,0,0,0,0,0,0,0,0,0,0,0,0,0,0,0,0,0,0,0,0,0,0,0,0,0,0,0,0,0,0,0,1018.43,30.01,60.9,32.3,2017/07/19,16:40:42,-88.1603342,30.7073316,31.23,4,
2017/07/20 16:30:14.8127,0.938,0,0,0,0,0,0,0,0,0,0,0,0,0,0,0,0,0,0,0,0,0,0,0,0,0,0,0,0,0,0,0,0,0,0,1018.3,30.08,60.8,32.3,2017/07/19,16:40:43,-88.1603356,30.7073449,31.832,4,
2017/07/20 16:30:14.8284,0.953,0,0,0,0,0,0,0,0,0,0,0,0,0,0,0,0,0,0,0,0,0,0,0,0,0,0,0,0,0,0,0,0,0,0,1018.37,30.09,62.4,32.34,2017/07/19,16:40:44,-88.1603417,30.7073969,34.725,4,
2017/07/20 16:30:14.8596,0.984,0,0,0,0,0,0,0,0,0,0,0,0,0,0,0,0,0,0,0,0,0,0,0,0,0,0,0,0,0,0,0,0,0,0,1018.2,29.96,64.4,32.12,2017/07/19,16:40:52,-88.1603981,30.7075517,36.714,4,
2017/07/20 16:30:14.8909,1.016,0,0,0,0,0,0,0,0,0,0,0,0,0,0,0,0,0,0,0,0,0,0,0,0,0,0,0,0,0,0,0,0,0,0,1018.46,30.01,65.1,32.12,2017/07/19,16:40:53,-88.1604243,30.7076022,37.463,4,
2017/07/20 16:30:14.9065,1.031,0,0,0,0,0,0,0,0,0,0,0,0,0,0,0,0,0,0,0,0,0,0,0,0,0,0,0,0,0,0,0,0,0,0,1018.33,30.01,64.7,32.12,2017/07/19,16:40:54,-88.160425,30.7076064,37.821,4,
2017/07/20 16:30:14.9377,1.063,0,0,0,0,0,0,0,0,0,0,0,0,0,0,0,0,0,0,0,0,0,0,0,0,0,0,0,0,0,0,0,0,0,0,1018.32,30.09,66.1,32.21,2017/07/19,16:40:55,-88.1604317,30.7076442,37.856,4,
2017/07/20 16:30:14.9690,1.094,0,0,0,0,0,0,0,0,0,0,0,0,0,0,0,0,0,0,0,0,0,0,0,0,0,0,0,0,0,0,0,0,0,0,1018.41,30.15,66,32.17,2017/07/19,16:40:56,-88.1604274,30.7076473,38.394,4,
2017/07/20 16:30:14.9846,1.109,0,0,0,0,0,0,0,0,0,0,0,0,0,0,0,0,0,0,0,0,0,0,0,0,0,0,0,0,0,0,0,0,0,0,1018.4,30.47,66.9,32.38,2017/07/19,16:40:57,-88.1604187,30.7076348,37.659,4,
2017/07/20 16:30:15.0159,1.141,0,0,0,0,0,0,0,0,0,0,0,0,0,0,0,0,0,0,0,0,0,0,0,0,0,0,0,0,0,0,0,0,0,0,1018.26,30.49,66.9,32.38,2017/07/19,16:40:58,-88.1604128,30.7076352,39.149,4,
2017/07/20 16:30:15.0471,1.172,0,0,0,0,0,0,0,0,0,0,0,0,0,0,0,0,0,0,0,0,0,0,0,0,0,0,0,0,0,0,0,0,0,0,1018.34,30.56,68.2,32.38,2017/07/19,16:40:59,-88.1604101,30.7076335,39.29,4,
2017/07/20 16:30:15.0627,1.188,0,0,0,0,0,0,0,0,0,0,0,0,0,0,0,0,0,0,0,0,0,0,0,0,0,0,0,0,0,0,0,0,0,0,1018.42,30.5,68.4,32.42,2017/07/19,16:41:00,-88.1604112,30.7076475,39.82,4,
2017/07/20 16:30:15.0940,1.219,0,0,0,0,0,0,0,0,0,0,0,0,0,0,0,0,0,0,0,0,0,0,0,0,0,0,0,0,0,0,0,0,0,0,1018.39,30.39,68,32.34,2017/07/19,16:41:01,-88.1604101,30.7076628,42.024,4,
2017/07/20 16:30:15.1252,1.250,0,0,0,0,0,0,0,0,0,0,0,0,0,0,0,0,0,0,0,0,0,0,0,0,0,0,0,0,0,0,0,0,0,0,1018.36,30.44,69.1,32.38,2017/07/19,16:41:02,-88.1604128,30.7076607,42.39,4,
2017/07/20 16:30:15.1409,1.266,0,0,0,0,0,0,0,0,0,0,0,0,0,0,0,0,0,0,0,0,0,0,0,0,0,0,0,0,0,0,0,0,0,0,1018.36,30.55,66.7,32.55,2017/07/19,16:41:03,-88.1603916,30.7075571,38.277,5,
2017/07/20 16:30:15.1721,1.297,0,0,0,0,0,0,0,0,0,0,0,0,0,0,0,0,0,0,0,0,0,0,0,0,0,0,0,0,0,0,0,0,0,0,1018.26,30.51,67.3,32.51,2017/07/19,16:41:04,-88.1603916,30.707533,36.086,5,
2017/07/20 16:30:15.2034,1.328,0,0,0,0,0,0,0,0,0,0,0,0,0,0,0,0,0,0,0,0,0,0,0,0,0,0,0,0,0,0,0,0,0,0,1018.3,30.55,66.2,32.47,2017/07/19,16:41:05,-88.1603901,30.707517,35.47,5,
2017/07/20 16:30:15.2190,1.344,0,0,0,0,0,0,0,0,0,0,0,0,0,0,0,0,0,0,0,0,0,0,0,0,0,0,0,0,0,0,0,0,0,0,1018.32,30.57,67.4,32.51,2017/07/19,16:41:06,-88.1603882,30.7075042,34.336,5,
2017/07/20 16:30:15.2502,1.375,0,0,0,0,0,0,0,0,0,0,0,0,0,0,0,0,0,0,0,0,0,0,0,0,0,0,0,0,0,0,0,0,0,0,1018.33,30.51,66.6,32.55,2017/07/19,16:41:07,-88.1603848,30.7074889,34.262,5,
2017/07/20 16:30:15.2815,1.406,0,0,0,0,0,0,0,0,0,0,0,0,0,0,0,0,0,0,0,0,0,0,0,0,0,0,0,0,0,0,0,0,0,0,1018.34,30.47,65.9,32.47,2017/07/19,16:41:08,-88.1603848,30.7074815,33.57,5,
2017/07/20 16:30:15.2971,1.422,0,0,0,0,0,0,0,0,0,0,0,0,0,0,0,0,0,0,0,0,0,0,0,0,0,0,0,0,0,0,0,0,0,0,1018.32,30.33,64,32.51,2017/07/19,16:41:07,-88.1603887,30.7074781,32.119,5,
2017/07/20 16:30:15.3284,1.453,0,0,0,0,0,0,0,0,0,0,0,0,0,0,0,0,0,0,0,0,0,0,0,0,0,0,0,0,0,0,0,0,0,0,1018.32,30.38,63,32.47,2017/07/19,16:41:08,-88.1603918,30.7074732,31.264,5,
2017/07/20 16:30:15.3596,1.484,0,0,0,0,0,0,0,0,0,0,0,0,0,0,0,0,0,0,0,0,0,0,0,0,0,0,0,0,0,0,0,0,0,0,1018.28,30.34,61.2,32.42,2017/07/19,16:41:09,-88.1603895,30.7074673,31.414,5,
2017/07/20 16:30:15.3752,1.500,0,0,0,0,0,0,0,0,0,0,0,0,0,0,0,0,0,0,0,0,0,0,0,0,0,0,0,0,0,0,0,0,0,0,1018.33,30.34,60,32.42,2017/07/19,16:41:10,-88.1603903,30.7074678,30.875,5,
2017/07/20 16:30:15.4065,1.531,0,0,0,0,0,0,0,0,0,0,0,0,0,0,0,0,0,0,0,0,0,0,0,0,0,0,0,0,0,0,0,0,0,0,1018.34,30.33,60.2,32.38,2017/07/19,16:41:11,-88.1603897,30.7074668,30.796,5,
2017/07/20 16:30:15.4377,1.563,0,0,0,0,0,0,0,0,0,0,0,0,0,0,0,0,0,0,0,0,0,0,0,0,0,0,0,0,0,0,0,0,0,0,1018.37,30.41,59.7,32.47,2017/07/19,16:41:12,-88.1603875,30.7074635,30.989,5,
2017/07/20 16:30:15.4534,1.578,0,0,0,0,0,0,0,0,0,0,0,0,0,0,0,0,0,0,0,0,0,0,0,0,0,0,0,0,0,0,0,0,0,0,1018.29,30.36,61.2,32.42,2017/07/19,16:41:13,-88.1603868,30.7074579,30.842,5,
2017/07/20 16:30:15.4846,1.609,0,0,0,0,0,0,0,0,0,0,0,0,0,0,0,0,0,0,0,0,0,0,0,0,0,0,0,0,0,0,0,0,0,0,1018.35,30.32,62.3,32.38,2017/07/19,16:41:14,-88.1603841,30.7074515,31.333,5,
2017/07/20 16:30:15.5159,1.641,0,0,0,0,0,0,0,0,0,0,0,0,0,0,0,0,0,0,0,0,0,0,0,0,0,0,0,0,0,0,0,0,0,0,1018.25,30.32,62.1,32.51,2017/07/19,16:41:15,-88.1603848,30.7074552,31.101,5,
2017/07/20 16:30:15.5315,1.656,0,0,0,0,0,0,0,0,0,0,0,0,0,0,0,0,0,0,0,0,0,0,0,0,0,0,0,0,0,0,0,0,0,0,1018.27,30.26,63,32.47,2017/07/19,16:41:16,-88.1603865,30.7074585,30.882,5,
2017/07/20 16:30:15.5627,1.688,0,0,0,0,0,0,0,0,0,0,0,0,0,0,0,0,0,0,0,0,0,0,0,0,0,0,0,0,0,0,0,0,0,0,1018.32,30.2,62.8,32.47,2017/07/19,16:41:17,-88.1603865,30.7074542,30.848,5,
2017/07/20 16:30:15.5940,1.719,0,0,0,0,0,0,0,0,0,0,0,0,0,0,0,0,0,0,0,0,0,0,0,0,0,0,0,0,0,0,0,0,0,0,1018.26,30.16,62.9,32.38,2017/07/19,16:41:18,-88.1603896,30.707446,29.634,5,
2017/07/20 16:30:15.6096,1.734,0,0,0,0,0,0,0,0,0,0,0,0,0,0,0,0,0,0,0,0,0,0,0,0,0,0,0,0,0,0,0,0,0,0,1018.28,30.18,63.2,32.47,2017/07/19,16:41:19,-88.1603896,30.7074415,29.669,5,
2017/07/20 16:30:15.6409,1.766,0,0,0,0,0,0,0,0,0,0,0,0,0,0,0,0,0,0,0,0,0,0,0,0,0,0,0,0,0,0,0,0,0,0,1018.39,30.16,63,32.42,2017/07/19,16:41:20,-88.1603909,30.7074368,29.1,5,
2017/07/20 16:30:15.6565,1.781,0,0,0,0,0,0,0,0,0,0,0,0,0,0,0,0,0,0,0,0,0,0,0,0,0,0,0,0,0,0,0,0,0,0,1018.15,30.16,61.2,32.51,2017/07/19,16:41:21,-88.1603934,30.707436,28.846,5,
2017/07/20 16:30:15.6877,1.813,0,0,0,0,0,0,0,0,0,0,0,0,0,0,0,0,0,0,0,0,0,0,0,0,0,0,0,0,0,0,0,0,0,0,1018.39,30.2,61,32.47,2017/07/19,16:41:22,-88.1603941,30.7074318,28.209,5,
2017/07/20 16:30:15.7190,1.844,0,0,0,0,0,0,0,0,0,0,0,0,0,0,0,0,0,0,0,0,0,0,0,0,0,0,0,0,0,0,0,0,0,0,1018.31,30.2,61.3,32.47,2017/07/19,16:41:23,-88.1603924,30.707428,28.18,5,
2017/07/20 16:30:15.7502,1.875,0,0,0,0,0,0,0,0,0,0,0,0,0,0,0,0,0,0,0,0,0,0,0,0,0,0,0,0,0,0,0,0,0,0,1018.37,30.22,63.2,32.51,2017/07/19,16:41:24,-88.1603925,30.7074262,28.19,5,
2017/07/20 16:30:15.7658,1.891,0,0,0,0,0,0,0,0,0,0,0,0,0,0,0,0,0,0,0,0,0,0,0,0,0,0,0,0,0,0,0,0,0,0,1018.33,30.16,63.3,32.55,2017/07/19,16:41:25,-88.1603966,30.7074324,26.99,6,
2017/07/20 16:30:15.7971,1.922,0,0,0,0,0,0,0,0,0,0,0,0,0,0,0,0,0,0,0,0,0,0,0,0,0,0,0,0,0,0,0,0,0,0,1018.3,30.13,63,32.55,2017/07/19,16:41:26,-88.1603983,30.7074352,26.28,6,
2017/07/20 16:30:15.8283,1.953,0,0,0,0,0,0,0,0,0,0,0,0,0,0,0,0,0,0,0,0,0,0,0,0,0,0,0,0,0,0,0,0,0,0,1018.3,30.12,62.2,32.55,2017/07/19,16:41:27,-88.1604012,30.7074353,25.359,6,
2017/07/20 16:30:15.8439,1.969,0,0,0,0,0,0,0,0,0,0,0,0,0,0,0,0,0,0,0,0,0,0,0,0,0,0,0,0,0,0,0,0,0,0,1018.24,30.09,61.2,32.38,2017/07/19,16:41:28,-88.1604029,30.7074401,25.06,6,
2017/07/20 16:30:15.8752,2.000,0,0,0,0,0,0,0,0,0,0,0,0,0,0,0,0,0,0,0,0,0,0,0,0,0,0,0,0,0,0,0,0,0,0,1018.44,30.01,60.9,32.42,2017/07/19,16:41:29,-88.1604059,30.7074433,24.848,6,
2017/07/20 16:30:15.9064,2.031,0,0,0,0,0,0,0,0,0,0,0,0,0,0,0,0,0,0,0,0,0,0,0,0,0,0,0,0,0,0,0,0,0,0,1018.4,30.16,60.9,32.42,2017/07/19,16:41:30,-88.1604146,30.7074474,22.974,6,
2017/07/20 16:30:15.9221,2.047,0,0,0,0,0,0,0,0,0,0,0,0,0,0,0,0,0,0,0,0,0,0,0,0,0,0,0,0,0,0,0,0,0,0,1018.27,30.11,61.1,32.38,2017/07/19,16:41:31,-88.1604187,30.7074488,21.719,6,
2017/07/20 16:30:15.9534,2.078,0,0,0,0,0,0,0,0,0,0,0,0,0,0,0,0,0,0,0,0,0,0,0,0,0,0,0,0,0,0,0,0,0,0,1018.34,30.03,62,32.47,2017/07/19,16:41:32,-88.1604207,30.7074506,21.13,6,
2017/07/20 16:30:15.9846,2.109,0,0,0,0,0,0,0,0,0,0,0,0,0,0,0,0,0,0,0,0,0,0,0,0,0,0,0,0,0,0,0,0,0,0,1018.35,30.08,60.9,32.47,2017/07/19,16:41:33,-88.1604192,30.707452,21.256,6,
2017/07/20 16:30:16.0002,2.125,0,0,0,0,0,0,0,0,0,0,0,0,0,0,0,0,0,0,0,0,0,0,0,0,0,0,0,0,0,0,0,0,0,0,1018.29,30.06,61.1,32.38,2017/07/19,16:41:34,-88.1604222,30.7074529,20.577,6,
2017/07/20 16:30:16.0315,2.156,0,0,0,0,0,0,0,0,0,0,0,0,0,0,0,0,0,0,0,0,0,0,0,0,0,0,0,0,0,0,0,0,0,0,1018.34,30.09,61.2,32.3,2017/07/19,16:41:35,-88.1604278,30.7074524,19.747,6,
2017/07/20 16:30:16.0627,2.188,0,0,0,0,0,0,0,0,0,0,0,0,0,0,0,0,0,0,0,0,0,0,0,0,0,0,0,0,0,0,0,0,0,0,1018.34,30.1,60.6,32.3,2017/07/19,16:41:36,-88.1604293,30.7074521,19.745,6,
2017/07/20 16:30:16.0784,2.203,0,0,0,0,0,0,0,0,0,0,0,0,0,0,0,0,0,0,0,0,0,0,0,0,0,0,0,0,0,0,0,0,0,0,1018.48,30.14,60.3,32.25,2017/07/19,16:41:37,-88.1604304,30.7074532,19.969,6,
2017/07/20 16:30:16.1096,2.234,0,0,0,0,0,0,0,0,0,0,0,0,0,0,0,0,0,0,0,0,0,0,0,0,0,0,0,0,0,0,0,0,0,0,1018.36,30.09,60.5,32.25,2017/07/19,16:41:38,-88.1604336,30.7074554,19.863,6,
2017/07/20 16:30:16.1408,2.266,0,0,0,0,0,0,0,0,0,0,0,0,0,0,0,0,0,0,0,0,0,0,0,0,0,0,0,0,0,0,0,0,0,0,1018.27,29.95,60.3,32.17,2017/07/19,16:41:39,-88.1604341,30.707456,19.871,6,
2017/07/20 16:30:16.1565,2.281,0,0,0,0,0,0,0,0,0,0,0,0,0,0,0,0,0,0,0,0,0,0,0,0,0,0,0,0,0,0,0,0,0,0,1018.24,30.01,60.8,32.25,2017/07/19,16:41:40,-88.1604326,30.7074553,19.824,6,
2017/07/20 16:30:16.1877,2.313,0,0,0,0,0,0,0,0,0,0,0,0,0,0,0,0,0,0,0,0,0,0,0,0,0,0,0,0,0,0,0,0,0,0,1018.3,30.04,61.1,32.25,2017/07/19,16:41:41,-88.1604335,30.7074552,19.824,6,
2017/07/20 16:30:16.2190,2.344,0,0,0,0,0,0,0,0,0,0,0,0,0,0,0,0,0,0,0,0,0,0,0,0,0,0,0,0,0,0,0,0,0,0,1018.3,30.06,61,32.12,2017/07/19,16:41:42,-88.1604337,30.7074564,20.348,6,
2017/07/20 16:30:16.2346,2.359,0,0,0,0,0,0,0,0,0,0,0,0,0,0,0,0,0,0,0,0,0,0,0,0,0,0,0,0,0,0,0,0,0,0,1018.44,29.91,61.8,32.25,2017/07/19,16:41:43,-88.1604356,30.7074558,19.904,6,
2017/07/20 16:30:16.2659,2.391,0,0,0,0,0,0,0,0,0,0,0,0,0,0,0,0,0,0,0,0,0,0,0,0,0,0,0,0,0,0,0,0,0,0,1018.38,29.95,61.9,32.21,2017/07/19,16:41:44,-88.160436,30.707457,19.441,6,
2017/07/20 16:30:16.2971,2.422,0,0,0,0,0,0,0,0,0,0,0,0,0,0,0,0,0,0,0,0,0,0,0,0,0,0,0,0,0,0,0,0,0,0,1018.27,29.89,62.1,32.08,2017/07/19,16:41:45,-88.1604354,30.7074561,19.622,6,
2017/07/20 16:30:16.3128,2.438,0,0,0,0,0,0,0,0,0,0,0,0,0,0,0,0,0,0,0,0,0,0,0,0,0,0,0,0,0,0,0,0,0,0,1018.3,29.82,63,32.12,2017/07/19,16:41:46,-88.1604339,30.7074539,20.169,6,
2017/07/20 16:30:16.3440,2.469,0,0,0,0,0,0,0,0,0,0,0,0,0,0,0,0,0,0,0,0,0,0,0,0,0,0,0,0,0,0,0,0,0,0,1018.26,29.82,63.1,32.08,2017/07/19,16:41:47,-88.1604361,30.7074538,19.921,6,
2017/07/20 16:30:16.3752,2.500,0,0,0,0,0,0,0,0,0,0,0,0,0,0,0,0,0,0,0,0,0,0,0,0,0,0,0,0,0,0,0,0,0,0,1018.28,29.86,64.5,32.17,2017/07/19,16:41:48,-88.1604377,30.7074532,19.714,6,
2017/07/20 16:30:16.3909,2.516,0,0,0,0,0,0,0,0,0,0,0,0,0,0,0,0,0,0,0,0,0,0,0,0,0,0,0,0,0,0,0,0,0,0,1018.33,29.84,64.8,32.08,2017/07/19,16:41:49,-88.1604406,30.7074516,19.344,6,
2017/07/20 16:30:16.4221,2.547,0,0,0,0,0,0,0,0,0,0,0,0,0,0,0,0,0,0,0,0,0,0,0,0,0,0,0,0,0,0,0,0,0,0,1018.29,29.8,64.8,32.04,2017/07/19,16:41:50,-88.1604441,30.7074503,18.98,6,
2017/07/20 16:30:16.4533,2.578,0,0,0,0,0,0,0,0,0,0,0,0,0,0,0,0,0,0,0,0,0,0,0,0,0,0,0,0,0,0,0,0,0,0,1018.21,29.76,64.9,31.95,2017/07/19,16:41:51,-88.1604451,30.7074489,18.837,6,
2017/07/20 16:30:16.4690,2.594,0,0,0,0,0,0,0,0,0,0,0,0,0,0,0,0,0,0,0,0,0,0,0,0,0,0,0,0,0,0,0,0,0,0,1018.38,29.77,65.1,31.91,2017/07/19,16:41:52,-88.160446,30.7074473,18.883,6,
2017/07/20 16:30:16.5003,2.625,0,0,0,0,0,0,0,0,0,0,0,0,0,0,0,0,0,0,0,0,0,0,0,0,0,0,0,0,0,0,0,0,0,0,1018.28,29.72,64.9,31.95,2017/07/19,16:41:53,-88.1604484,30.7074489,18.276,6,
2017/07/20 16:30:16.5159,2.641,0,0,0,0,0,0,0,0,0,0,0,0,0,0,0,0,0,0,0,0,0,0,0,0,0,0,0,0,0,0,0,0,0,0,1018.36,29.67,64.9,31.95,2017/07/19,16:41:53,-88.1604484,30.7074489,18.276,6,
2017/07/20 16:30:16.5315,2.656,0,0,0,0,0,0,0,0,0,0,0,0,0,0,0,0,0,0,0,0,0,0,0,0,0,0,0,0,0,0,0,0,0,0,1018.36,29.67,64.8,31.95,2017/07/19,16:41:54,-88.160452,30.7074503,17.625,6,
2017/07/20 16:30:16.5471,2.672,0,0,0,0,0,0,0,0,0,0,0,0,0,0,0,0,0,0,0,0,0,0,0,0,0,0,0,0,0,0,0,0,0,0,1018.28,29.76,64.1,31.82,2017/07/19,16:41:55,-88.1604528,30.7074508,17.789,6,
2017/07/20 16:30:16.5784,2.703,0,0,0,0,0,0,0,0,0,0,0,0,0,0,0,0,0,0,0,0,0,0,0,0,0,0,0,0,0,0,0,0,0,0,1018.36,29.79,63.7,31.87,2017/07/19,16:41:56,-88.1604209,30.7074431,21.384,6,
2017/07/20 16:30:16.6096,2.734,0,0,0,0,0,0,0,0,0,0,0,0,0,0,0,0,0,0,0,0,0,0,0,0,0,0,0,0,0,0,0,0,0,0,1018.38,29.7,64.8,31.91,2017/07/19,16:41:57,-88.1604169,30.7074429,20.719,6,
2017/07/20 16:30:16.6253,2.750,0,0,0,0,0,0,0,0,0,0,0,0,0,0,0,0,0,0,0,0,0,0,0,0,0,0,0,0,0,0,0,0,0,0,1018.09,29.83,65.1,31.87,2017/07/19,16:41:58,-88.1604143,30.7074417,21.677,6,
2017/07/20 16:30:16.6565,2.781,0,0,0,0,0,0,0,0,0,0,0,0,0,0,0,0,0,0,0,0,0,0,0,0,0,0,0,0,0,0,0,0,0,0,1018.46,29.79,65,31.95,2017/07/19,16:41:59,-88.1604195,30.7074433,21.779,6,
2017/07/20 16:30:16.6721,2.797,0,0,0,0,0,0,0,0,0,0,0,0,0,0,0,0,0,0,0,0,0,0,0,0,0,0,0,0,0,0,0,0,0,0,1018.43,29.77,64.9,31.78,2017/07/19,16:42:00,-88.1604202,30.7074441,22.621,6,
2017/07/20 16:30:16.7034,2.828,0,0,0,0,0,0,0,0,0,0,0,0,0,0,0,0,0,0,0,0,0,0,0,0,0,0,0,0,0,0,0,0,0,0,1018.26,29.72,65,31.91,2017/07/19,16:42:01,-88.160423,30.7074454,22.763,6,
2017/07/20 16:30:16.7346,2.859,0,0,0,0,0,0,0,0,0,0,0,0,0,0,0,0,0,0,0,0,0,0,0,0,0,0,0,0,0,0,0,0,0,0,1018.27,29.74,65.7,31.74,2017/07/19,16:42:02,-88.1604267,30.7074463,23.354,6,
2017/07/20 16:30:16.7503,2.875,0,0,0,0,0,0,0,0,0,0,0,0,0,0,0,0,0,0,0,0,0,0,0,0,0,0,0,0,0,0,0,0,0,0,1018.33,29.66,66.7,31.7,2017/07/19,16:42:03,-88.1604236,30.7074453,24.158,6,
2017/07/20 16:30:16.7815,2.906,0,0,0,0,0,0,0,0,0,0,0,0,0,0,0,0,0,0,0,0,0,0,0,0,0,0,0,0,0,0,0,0,0,0,1018.39,29.7,64,31.7,2017/07/19,16:42:04,-88.16042,30.7074461,24.795,6,
2017/07/20 16:30:16.8128,2.938,0,0,0,0,0,0,0,0,0,0,0,0,0,0,0,0,0,0,0,0,0,0,0,0,0,0,0,0,0,0,0,0,0,0,1018.26,29.72,63.6,31.61,2017/07/19,16:42:05,-88.1604184,30.707446,25.692,6,
2017/07/20 16:30:16.8283,2.953,0,0,0,0,0,0,0,0,0,0,0,0,0,0,0,0,0,0,0,0,0,0,0,0,0,0,0,0,0,0,0,0,0,0,1018.26,29.89,62.9,31.65,2017/07/19,16:42:06,-88.1604198,30.7074471,26.143,6,
2017/07/20 16:30:16.8596,2.984,0,0,0,0,0,0,0,0,0,0,0,0,0,0,0,0,0,0,0,0,0,0,0,0,0,0,0,0,0,0,0,0,0,0,1018.22,29.89,62.6,31.61,2017/07/19,16:42:07,-88.1604192,30.70745,26.675,6,
2017/07/20 16:30:16.8909,3.016,0,0,0,0,0,0,0,0,0,0,0,0,0,0,0,0,0,0,0,0,0,0,0,0,0,0,0,0,0,0,0,0,0,0,1018.27,29.83,63.1,31.57,2017/07/19,16:42:08,-88.1604178,30.7074528,26.995,6,
2017/07/20 16:30:16.9065,3.031,0,0,0,0,0,0,0,0,0,0,0,0,0,0,0,0,0,0,0,0,0,0,0,0,0,0,0,0,0,0,0,0,0,0,1018.35,29.89,62.4,31.52,2017/07/19,16:42:09,-88.160413,30.7074485,27.807,6,
2017/07/20 16:30:16.9378,3.063,0,0,0,0,0,0,0,0,0,0,0,0,0,0,0,0,0,0,0,0,0,0,0,0,0,0,0,0,0,0,0,0,0,0,1018.35,29.93,62.9,31.4,2017/07/19,16:42:10,-88.1604039,30.707445,29.048,6,
2017/07/20 16:30:16.9690,3.094,0,0,0,0,0,0,0,0,0,0,0,0,0,0,0,0,0,0,0,0,0,0,0,0,0,0,0,0,0,0,0,0,0,0,1018.26,29.87,62,31.4,2017/07/19,16:42:11,-88.16041,30.7074489,28.537,6,
2017/07/20 16:30:16.9846,3.109,0,0,0,0,0,0,0,0,0,0,0,0,0,0,0,0,0,0,0,0,0,0,0,0,0,0,0,0,0,0,0,0,0,0,1018.26,29.91,61,31.57,2017/07/19,16:42:12,-88.1604086,30.7074517,29.53,6,
2017/07/20 16:30:17.0159,3.141,0,0,0,0,0,0,0,0,0,0,0,0,0,0,0,0,0,0,0,0,0,0,0,0,0,0,0,0,0,0,0,0,0,0,1018.43,29.94,60.5,31.48,2017/07/19,16:42:13,-88.1604049,30.707454,30.866,6,
2017/07/20 16:30:17.0471,3.172,0,0,0,0,0,0,0,0,0,0,0,0,0,0,0,0,0,0,0,0,0,0,0,0,0,0,0,0,0,0,0,0,0,0,1018.36,29.93,61.1,31.44,2017/07/19,16:42:14,-88.1604009,30.7074549,31.532,6,
2017/07/20 16:30:17.0628,3.188,0,0,0,0,0,0,0,0,0,0,0,0,0,0,0,0,0,0,0,0,0,0,0,0,0,0,0,0,0,0,0,0,0,0,1018.28,30.04,60.8,31.44,2017/07/19,16:42:15,-88.1603943,30.7074538,32.091,6,
2017/07/20 16:30:17.0940,3.219,0,0,0,0,0,0,0,0,0,0,0,0,0,0,0,0,0,0,0,0,0,0,0,0,0,0,0,0,0,0,0,0,0,0,1018.27,30.02,60.9,31.44,2017/07/19,16:42:16,-88.1603985,30.7074544,31.461,6,
2017/07/20 16:30:17.1253,3.250,0,0,0,0,0,0,0,0,0,0,0,0,0,0,0,0,0,0,0,0,0,0,0,0,0,0,0,0,0,0,0,0,0,0,1018.29,29.89,60.7,31.57,2017/07/19,16:42:17,-88.1604013,30.7074558,31.409,6,
2017/07/20 16:30:17.1409,3.266,0,0,0,0,0,0,0,0,0,0,0,0,0,0,0,0,0,0,0,0,0,0,0,0,0,0,0,0,0,0,0,0,0,0,1018.32,29.96,63,31.52,2017/07/19,16:42:18,-88.1604049,30.7074567,31.219,6,
2017/07/20 16:30:17.1721,3.297,0,0,0,0,0,0,0,0,0,0,0,0,0,0,0,0,0,0,0,0,0,0,0,0,0,0,0,0,0,0,0,0,0,0,1018.26,29.83,64.9,31.65,2017/07/19,16:42:19,-88.1604044,30.7074564,31.074,6,
2017/07/20 16:30:17.2034,3.328,0,0,0,0,0,0,0,0,0,0,0,0,0,0,0,0,0,0,0,0,0,0,0,0,0,0,0,0,0,0,0,0,0,0,1018.34,29.87,64.7,31.61,2017/07/19,16:42:20,-88.1604113,30.707459,30.469,6,
2017/07/20 16:30:17.2190,3.344,0,0,0,0,0,0,0,0,0,0,0,0,0,0,0,0,0,0,0,0,0,0,0,0,0,0,0,0,0,0,0,0,0,0,1018.34,29.93,63.3,31.57,2017/07/19,16:42:21,-88.1604135,30.7074631,31.337,6,
2017/07/20 16:30:17.2503,3.375,0,0,0,0,0,0,0,0,0,0,0,0,0,0,0,0,0,0,0,0,0,0,0,0,0,0,0,0,0,0,0,0,0,0,1018.3,29.9,62.4,32.73,2017/07/19,16:42:22,-88.1604218,30.7074653,30.416,6,
2017/07/20 16:30:17.2815,3.406,0,0,0,0,0,0,0,0,0,0,0,0,0,0,0,0,0,0,0,0,0,0,0,0,0,0,0,0,0,0,0,0,0,0,1018.47,30.1,62.2,32.73,2017/07/19,16:42:23,-88.1604316,30.7074671,29.245,6,
2017/07/20 16:30:17.2971,3.422,0,0,0,0,0,0,0,0,0,0,0,0,0,0,0,0,0,0,0,0,0,0,0,0,0,0,0,0,0,0,0,0,0,0,1018.35,30.18,62,32.55,2017/07/19,16:42:24,-88.16044,30.7074701,28.512,6,
2017/07/20 16:30:17.3284,3.453,0,0,0,0,0,0,0,0,0,0,0,0,0,0,0,0,0,0,0,0,0,0,0,0,0,0,0,0,0,0,0,0,0,0,1018.5,30.18,61.7,32.47,2017/07/19,16:42:25,-88.1604393,30.7074735,28.874,6,
2017/07/20 16:30:17.3596,3.484,0,0,0,0,0,0,0,0,0,0,0,0,0,0,0,0,0,0,0,0,0,0,0,0,0,0,0,0,0,0,0,0,0,0,1017.89,30.29,60.3,32.42,2017/07/19,16:42:26,-88.1604288,30.7074749,28.788,6,
2017/07/20 16:30:17.3753,3.500,0,0,0,0,0,0,0,0,0,0,0,0,0,0,0,0,0,0,0,0,0,0,0,0,0,0,0,0,0,0,0,0,0,0,1018.13,30.28,60.7,32.47,2017/07/19,16:42:27,-88.1604217,30.7074785,28.71,6,
2017/07/20 16:30:17.4065,3.531,0,0,0,0,0,0,0,0,0,0,0,0,0,0,0,0,0,0,0,0,0,0,0,0,0,0,0,0,0,0,0,0,0,0,1018.04,30.36,61.2,32.47,2017/07/19,16:42:28,-88.1604255,30.7074873,29.171,6,
2017/07/20 16:30:17.4378,3.563,0,0,0,0,0,0,0,0,0,0,0,0,0,0,0,0,0,0,0,0,0,0,0,0,0,0,0,0,0,0,0,0,0,0,1017.76,30.74,77.7,32.3,2017/07/19,16:42:29,-88.1604196,30.7074913,29.178,5,
2017/07/20 16:30:17.4534,3.578,0,0,0,0,0,0,0,0,0,0,0,0,0,0,0,0,0,0,0,0,0,0,0,0,0,0,0,0,0,0,0,0,0,0,1017.88,30.96,76.5,32.55,2017/07/19,16:42:30,-88.1604155,30.7074951,29.273,6,
2017/07/20 16:30:17.4846,3.609,0,0,0,0,0,0,0,0,0,0,0,0,0,0,0,0,0,0,0,0,0,0,0,0,0,0,0,0,0,0,0,0,0,0,1017.85,31.39,76,32.42,2017/07/19,16:42:31,-88.1604239,30.707504,28.89,6,
2017/07/20 16:30:17.5159,3.641,0,0,0,0,0,0,0,0,0,0,0,0,0,0,0,0,0,0,0,0,0,0,0,0,0,0,0,0,0,0,0,0,0,0,1017.66,31.24,74,32.42,2017/07/19,16:42:32,-88.1604199,30.7075123,29.517,6,
2017/07/20 16:30:17.5315,3.656,0,0,0,0,0,0,0,0,0,0,0,0,0,0,0,0,0,0,0,0,0,0,0,0,0,0,0,0,0,0,0,0,0,0,1017.73,30.92,74.4,32.08,2017/07/19,16:42:33,-88.1604075,30.7075143,29.183,6,
2017/07/20 16:30:17.5628,3.688,0,0,0,0,0,0,0,0,0,0,0,0,0,0,0,0,0,0,0,0,0,0,0,0,0,0,0,0,0,0,0,0,0,0,1017.59,31,72.8,32.55,2017/07/19,16:42:34,-88.1603952,30.7075117,29.881,6,
2017/07/20 16:30:17.5940,3.719,0,0,0,0,0,0,0,0,0,0,0,0,0,0,0,0,0,0,0,0,0,0,0,0,0,0,0,0,0,0,0,0,0,0,1017.38,30.86,72.9,32.94,2017/07/19,16:42:35,-88.1603856,30.7075097,30.719,6,
2017/07/20 16:30:17.6096,3.734,0,0,0,0,0,0,0,0,0,0,0,0,0,0,0,0,0,0,0,0,0,0,0,0,0,0,0,0,0,0,0,0,0,0,1017.4,30.8,72.4,33.33,2017/07/19,16:42:36,-88.1603771,30.7075095,31.869,6,
2017/07/20 16:30:17.6409,3.766,0,0,0,0,0,0,0,0,0,0,0,0,0,0,0,0,0,0,0,0,0,0,0,0,0,0,0,0,0,0,0,0,0,0,1017.39,30.84,73,33.58,2017/07/19,16:42:37,-88.1603612,30.7075091,33.079,6,
2017/07/20 16:30:17.6721,3.797,0,0,0,0,0,0,0,0,0,0,0,0,0,0,0,0,0,0,0,0,0,0,0,0,0,0,0,0,0,0,0,0,0,0,1017.17,30.84,73.2,33.75,2017/07/19,16:42:38,-88.1603428,30.7075103,34.53,6,
2017/07/20 16:30:17.6878,3.813,0,0,0,0,0,0,0,0,0,0,0,0,0,0,0,0,0,0,0,0,0,0,0,0,0,0,0,0,0,0,0,0,0,0,1017.01,30.82,70.9,33.93,2017/07/19,16:42:39,-88.160324,30.7075064,36.795,6,
2017/07/20 16:30:17.7190,3.844,0,0,0,0,0,0,0,0,0,0,0,0,0,0,0,0,0,0,0,0,0,0,0,0,0,0,0,0,0,0,0,0,0,0,1017.02,30.82,70.9,34.18,2017/07/19,16:42:40,-88.1603206,30.7075085,37.192,6,
2017/07/20 16:30:17.7503,3.875,0,0,0,0,0,0,0,0,0,0,0,0,0,0,0,0,0,0,0,0,0,0,0,0,0,0,0,0,0,0,0,0,0,0,1017.01,30.82,70.8,34.23,2017/07/19,16:42:41,-88.1603125,30.7075109,39.241,6,
2017/07/20 16:30:17.7659,3.891,0,0,0,0,0,0,0,0,0,0,0,0,0,0,0,0,0,0,0,0,0,0,0,0,0,0,0,0,0,0,0,0,0,0,1016.87,30.84,71.1,34.36,2017/07/19,16:42:42,-88.1602968,30.707509,41.541,6,
2017/07/20 16:30:17.7971,3.922,0,0,0,0,0,0,0,0,0,0,0,0,0,0,0,0,0,0,0,0,0,0,0,0,0,0,0,0,0,0,0,0,0,0,1016.69,30.82,70.9,34.53,2017/07/19,16:42:43,-88.1602778,30.7075066,43.677,6,
2017/07/20 16:30:17.8128,3.938,0,0,0,0,0,0,0,0,0,0,0,0,0,0,0,0,0,0,0,0,0,0,0,0,0,0,0,0,0,0,0,0,0,0,1016.73,30.96,68.8,34.83,2017/07/19,16:42:44,-88.1602661,30.7075001,45.521,6,
2017/07/20 16:30:17.8440,3.969,0,0,0,0,0,0,0,0,0,0,0,0,0,0,0,0,0,0,0,0,0,0,0,0,0,0,0,0,0,0,0,0,0,0,1016.46,31.06,71.4,35.08,2017/07/19,16:42:45,-88.1602588,30.7074997,47.94,6,
2017/07/20 16:30:17.8753,4.000,0,0,0,0,0,0,0,0,0,0,0,0,0,0,0,0,0,0,0,0,0,0,0,0,0,0,0,0,0,0,0,0,0,0,1016.45,31.18,71.4,35.43,2017/07/19,16:42:46,-88.1602228,30.7074913,53.302,6,
2017/07/20 16:30:17.8909,4.016,0,0,0,0,0,0,0,0,0,0,0,0,0,0,0,0,0,0,0,0,0,0,0,0,0,0,0,0,0,0,0,0,0,0,1016.32,31.24,69.9,33.58,2017/07/19,16:42:47,-88.1601963,30.7074839,56.308,6,
2017/07/20 16:30:17.9221,4.047,0,0,0,0,0,0,0,0,0,0,0,0,0,0,0,0,0,0,0,0,0,0,0,0,0,0,0,0,0,0,0,0,0,0,1016.21,31.24,71,33.71,2017/07/19,16:42:48,-88.1601878,30.7074829,58.103,6,
2017/07/20 16:30:17.9534,4.078,0,0,0,0,0,0,0,0,0,0,0,0,0,0,0,0,0,0,0,0,0,0,0,0,0,0,0,0,0,0,0,0,0,0,1016.23,31.24,71,33.71,2017/07/19,16:42:49,-88.1601673,30.7074816,61.381,6,
2017/07/20 16:30:17.9690,4.094,0,0,0,0,0,0,0,0,0,0,0,0,0,0,0,0,0,0,0,0,0,0,0,0,0,0,0,0,0,0,0,0,0,0,1015.98,31.06,68,33.67,2017/07/19,16:42:50,-88.1601476,30.7074788,63.757,6,
2017/07/20 16:30:18.0003,4.125,0,0,0,0,0,0,0,0,0,0,0,0,0,0,0,0,0,0,0,0,0,0,0,0,0,0,0,0,0,0,0,0,0,0,1015.93,31.06,70,33.71,2017/07/19,16:42:51,-88.1601493,30.7074826,64.657,6,
2017/07/20 16:30:18.0315,4.156,0,0,0,0,0,0,0,0,0,0,0,0,0,0,0,0,0,0,0,0,0,0,0,0,0,0,0,0,0,0,0,0,0,0,1015.67,30.95,71.1,33.67,2017/07/19,16:42:52,-88.1601496,30.7074873,67.07,6,
2017/07/20 16:30:18.0471,4.172,0,0,0,0,0,0,0,0,0,0,0,0,0,0,0,0,0,0,0,0,0,0,0,0,0,0,0,0,0,0,0,0,0,0,1015.68,30.98,69.1,33.63,2017/07/19,16:42:53,-88.1601454,30.7074915,68.937,6,
2017/07/20 16:30:18.0784,4.203,0,0,0,0,0,0,0,0,0,0,0,0,0,0,0,0,0,0,0,0,0,0,0,0,0,0,0,0,0,0,0,0,0,0,1015.36,31.08,70.1,33.88,2017/07/19,16:42:54,-88.1601428,30.7074918,70.318,6,
2017/07/20 16:30:18.1096,4.234,0,0,0,0,0,0,0,0,0,0,0,0,0,0,0,0,0,0,0,0,0,0,0,0,0,0,0,0,0,0,0,0,0,0,1015.58,30.94,69.9,33.8,2017/07/19,16:42:55,-88.1601363,30.7074894,72.474,6,
2017/07/20 16:30:18.1253,4.250,0,0,0,0,0,0,0,0,0,0,0,0,0,0,0,0,0,0,0,0,0,0,0,0,0,0,0,0,0,0,0,0,0,0,1015.57,31.07,70,33.88,2017/07/19,16:42:56,-88.1601304,30.707488,74.204,6,
2017/07/20 16:30:18.1565,4.281,0,0,0,0,0,0,0,0,0,0,0,0,0,0,0,0,0,0,0,0,0,0,0,0,0,0,0,0,0,0,0,0,0,0,1015.19,31.24,69.9,33.58,2017/07/19,16:42:57,-88.1601241,30.707486,76.464,6,
2017/07/20 16:30:18.1878,4.313,0,0,0,0,0,0,0,0,0,0,0,0,0,0,0,0,0,0,0,0,0,0,0,0,0,0,0,0,0,0,0,0,0,0,1015.11,31.3,69,33.75,2017/07/19,16:42:58,-88.1601165,30.7074823,79.175,6,
2017/07/20 16:30:18.2034,4.328,0,0,0,0,0,0,0,0,0,0,0,0,0,0,0,0,0,0,0,0,0,0,0,0,0,0,0,0,0,0,0,0,0,0,1014.95,31.22,69.5,33.5,2017/07/19,16:42:59,-88.1601106,30.7074833,81.368,6,
2017/07/20 16:30:18.2347,4.359,0,0,0,0,0,0,0,0,0,0,0,0,0,0,0,0,0,0,0,0,0,0,0,0,0,0,0,0,0,0,0,0,0,0,1014.77,31.1,71.2,33.8,2017/07/19,16:43:00,-88.1601057,30.7074861,83.807,6,
2017/07/20 16:30:18.2659,4.391,0,0,0,0,0,0,0,0,0,0,0,0,0,0,0,0,0,0,0,0,0,0,0,0,0,0,0,0,0,0,0,0,0,0,1014.68,31.2,70.9,33.71,2017/07/19,16:43:01,-88.1601049,30.7074877,85.142,6,
2017/07/20 16:30:18.2815,4.406,0,0,0,0,0,0,0,0,0,0,0,0,0,0,0,0,0,0,0,0,0,0,0,0,0,0,0,0,0,0,0,0,0,0,1014.49,31.14,69.2,33.8,2017/07/19,16:43:02,-88.1601048,30.7074873,85.582,6,
2017/07/20 16:30:18.3128,4.438,0,0,0,0,0,0,0,0,0,0,0,0,0,0,0,0,0,0,0,0,0,0,0,0,0,0,0,0,0,0,0,0,0,0,1014.62,31.24,67,33.84,2017/07/19,16:43:03,-88.1600992,30.7074854,87.217,6,
2017/07/20 16:30:18.3440,4.469,0,0,0,0,0,0,0,0,0,0,0,0,0,0,0,0,0,0,0,0,0,0,0,0,0,0,0,0,0,0,0,0,0,0,1014.46,31.18,66.8,33.88,2017/07/19,16:43:04,-88.1601002,30.7074885,88.032,6,
2017/07/20 16:30:18.3596,4.484,0,0,0,0,0,0,0,0,0,0,0,0,0,0,0,0,0,0,0,0,0,0,0,0,0,0,0,0,0,0,0,0,0,0,1014.26,31.08,69.2,33.75,2017/07/19,16:43:05,-88.1600907,30.7074905,90.42,6,
2017/07/20 16:30:18.3909,4.516,0,0,0,0,0,0,0,0,0,0,0,0,0,0,0,0,0,0,0,0,0,0,0,0,0,0,0,0,0,0,0,0,0,0,1014.15,31.04,68.9,33.75,2017/07/19,16:43:06,-88.1600939,30.7074963,90.998,6,
2017/07/20 16:30:18.4222,4.547,0,0,0,0,0,0,0,0,0,0,0,0,0,0,0,0,0,0,0,0,0,0,0,0,0,0,0,0,0,0,0,0,0,0,1014.02,31,69.1,33.75,2017/07/19,16:43:07,-88.1600953,30.7074995,91.648,6,
2017/07/20 16:30:18.4378,4.563,0,0,0,0,0,0,0,0,0,0,0,0,0,0,0,0,0,0,0,0,0,0,0,0,0,0,0,0,0,0,0,0,0,0,1013.97,30.98,69,33.63,2017/07/19,16:43:08,-88.1601003,30.7075026,91.821,6,
2017/07/20 16:30:18.4690,4.594,0,0,0,0,0,0,0,0,0,0,0,0,0,0,0,0,0,0,0,0,0,0,0,0,0,0,0,0,0,0,0,0,0,0,1013.84,31,69.1,33.75,2017/07/19,16:43:09,-88.1601185,30.7075062,90.891,6,
2017/07/20 16:30:18.5003,4.625,0,0,0,0,0,0,0,0,0,0,0,0,0,0,0,0,0,0,0,0,0,0,0,0,0,0,0,0,0,0,0,0,0,0,1013.6,31,69.2,33.75,2017/07/19,16:43:10,-88.1601238,30.7075056,91.656,6,
2017/07/20 16:30:18.5159,4.641,0,0,0,0,0,0,0,0,0,0,0,0,0,0,0,0,0,0,0,0,0,0,0,0,0,0,0,0,0,0,0,0,0,0,1013.65,31.05,69.3,33.75,2017/07/19,16:43:11,-88.1601343,30.7075065,91.295,6,
2017/07/20 16:30:18.5472,4.672,0,0,0,0,0,0,0,0,0,0,0,0,0,0,0,0,0,0,0,0,0,0,0,0,0,0,0,0,0,0,0,0,0,0,1013.55,31.08,69.2,33.71,2017/07/19,16:43:12,-88.1601392,30.7075081,91.64,6,
2017/07/20 16:30:18.5784,4.703,0,0,0,0,0,0,0,0,0,0,0,0,0,0,0,0,0,0,0,0,0,0,0,0,0,0,0,0,0,0,0,0,0,0,1013.55,31.06,69.5,33.8,2017/07/19,16:43:13,-88.1601317,30.7075084,93.044,6,
2017/07/20 16:30:18.5940,4.719,0,0,0,0,0,0,0,0,0,0,0,0,0,0,0,0,0,0,0,0,0,0,0,0,0,0,0,0,0,0,0,0,0,0,1013.34,31.13,69.3,33.88,2017/07/19,16:43:14,-88.1601355,30.7075122,92.201,6,
2017/07/20 16:30:18.6253,4.750,0,0,0,0,0,0,0,0,0,0,0,0,0,0,0,0,0,0,0,0,0,0,0,0,0,0,0,0,0,0,0,0,0,0,1013.26,31.14,69.7,33.88,2017/07/19,16:43:15,-88.1601462,30.7075182,91.247,6,
2017/07/20 16:30:18.6565,4.781,0,0,0,0,0,0,0,0,0,0,0,0,0,0,0,0,0,0,0,0,0,0,0,0,0,0,0,0,0,0,0,0,0,0,1013.16,31.14,69.2,33.93,2017/07/19,16:43:16,-88.1601466,30.7075218,92.306,6,
2017/07/20 16:30:18.6722,4.797,0,0,0,0,0,0,0,0,0,0,0,0,0,0,0,0,0,0,0,0,0,0,0,0,0,0,0,0,0,0,0,0,0,0,1013.06,31.06,69,33.88,2017/07/19,16:43:17,-88.1601524,30.7075245,93.241,6,
2017/07/20 16:30:18.7034,4.828,0,0,0,0,0,0,0,0,0,0,0,0,0,0,0,0,0,0,0,0,0,0,0,0,0,0,0,0,0,0,0,0,0,0,1012.93,31.06,70.4,33.8,2017/07/19,16:43:18,-88.160148,30.707524,95.073,6,
2017/07/20 16:30:18.7347,4.859,0,0,0,0,0,0,0,0,0,0,0,0,0,0,0,0,0,0,0,0,0,0,0,0,0,0,0,0,0,0,0,0,0,0,1012.92,31.08,69.3,33.84,2017/07/19,16:43:19,-88.1601553,30.7075273,95.418,6,
2017/07/20 16:30:18.7503,4.875,0,0,0,0,0,0,0,0,0,0,0,0,0,0,0,0,0,0,0,0,0,0,0,0,0,0,0,0,0,0,0,0,0,0,1012.73,30.98,69.1,33.93,2017/07/19,16:43:20,-88.1601586,30.7075282,96.586,6,
2017/07/20 16:30:18.7815,4.906,0,0,0,0,0,0,0,0,0,0,0,0,0,0,0,0,0,0,0,0,0,0,0,0,0,0,0,0,0,0,0,0,0,0,1012.64,31.04,68.8,33.84,2017/07/19,16:43:21,-88.1601588,30.7075289,97.334,6,
2017/07/20 16:30:18.8128,4.938,0,0,0,0,0,0,0,0,0,0,0,0,0,0,0,0,0,0,0,0,0,0,0,0,0,0,0,0,0,0,0,0,0,0,1012.35,31.02,68.9,33.8,2017/07/19,16:43:22,-88.1601659,30.7075316,97.504,6,
2017/07/20 16:30:18.8284,4.953,0,0,0,0,0,0,0,0,0,0,0,0,0,0,0,0,0,0,0,0,0,0,0,0,0,0,0,0,0,0,0,0,0,0,1012.37,31.1,69.3,33.75,2017/07/19,16:43:23,-88.1601778,30.7075361,98.025,6,
2017/07/20 16:30:18.8596,4.984,0,0,0,0,0,0,0,0,0,0,0,0,0,0,0,0,0,0,0,0,0,0,0,0,0,0,0,0,0,0,0,0,0,0,1012.22,30.98,68.9,33.54,2017/07/19,16:43:24,-88.1601794,30.7075404,99.719,6,
2017/07/20 16:30:18.8909,5.016,0,0,0,0,0,0,0,0,0,0,0,0,0,0,0,0,0,0,0,0,0,0,0,0,0,0,0,0,0,0,0,0,0,0,1012.27,30.86,67.8,33.5,2017/07/19,16:43:25,-88.1601804,30.7075478,100.667,6,
2017/07/20 16:30:18.9065,5.031,0,0,0,0,0,0,0,0,0,0,0,0,0,0,0,0,0,0,0,0,0,0,0,0,0,0,0,0,0,0,0,0,0,0,1011.9,30.82,69.9,34.1,2017/07/19,16:43:26,-88.1601639,30.7075502,102.889,6,
2017/07/20 16:30:18.9221,5.047,0,0,0,0,0,0,0,0,0,0,0,0,0,0,0,0,0,0,0,0,0,0,0,0,0,0,0,0,0,0,0,0,0,0,1011.83,30.96,69.8,34.06,2017/07/19,16:43:27,-88.1601664,30.7075593,102.549,6,
2017/07/20 16:30:18.9534,5.078,0,0,0,0,0,0,0,0,0,0,0,0,0,0,0,0,0,0,0,0,0,0,0,0,0,0,0,0,0,0,0,0,0,0,1011.94,30.76,69,33.93,2017/07/19,16:43:28,-88.160171,30.7075685,103.085,6,
2017/07/20 16:30:18.9847,5.109,0,0,0,0,0,0,0,0,0,0,0,0,0,0,0,0,0,0,0,0,0,0,0,0,0,0,0,0,0,0,0,0,0,0,1011.82,30.82,69.9,33.88,2017/07/19,16:43:29,-88.1601801,30.7075788,102.927,6,
2017/07/20 16:30:19.0159,5.141,0,0,0,0,0,0,0,0,0,0,0,0,0,0,0,0,0,0,0,0,0,0,0,0,0,0,0,0,0,0,0,0,0,0,1011.57,30.76,71.9,33.71,2017/07/19,16:43:30,-88.1601864,30.7075882,103.563,6,
2017/07/20 16:30:19.0315,5.156,0,0,0,0,0,0,0,0,0,0,0,0,0,0,0,0,0,0,0,0,0,0,0,0,0,0,0,0,0,0,0,0,0,0,1011.42,30.66,70.1,33.54,2017/07/19,16:43:31,-88.1601898,30.7075964,104.86,7,
2017/07/20 16:30:19.0628,5.188,0,0,0,0,0,0,0,0,0,0,0,0,0,0,0,0,0,0,0,0,0,0,0,0,0,0,0,0,0,0,0,0,0,0,1011.3,30.59,70,33.54,2017/07/19,16:43:32,-88.1601925,30.7076024,105.212,7,
2017/07/20 16:30:19.0940,5.219,0,0,0,0,0,0,0,0,0,0,0,0,0,0,0,0,0,0,0,0,0,0,0,0,0,0,0,0,0,0,0,0,0,0,1011.27,30.57,71,35.47,2017/07/19,16:43:33,-88.1601853,30.7076052,108.106,7,
2017/07/20 16:30:19.1097,5.234,0,0,0,0,0,0,0,0,0,0,0,0,0,0,0,0,0,0,0,0,0,0,0,0,0,0,0,0,0,0,0,0,0,0,1011.03,30.57,70.7,35.34,2017/07/19,16:43:34,-88.1601814,30.707607,110.985,7,
2017/07/20 16:30:19.1409,5.266,0,0,0,0,0,0,0,0,0,0,0,0,0,0,0,0,0,0,0,0,0,0,0,0,0,0,0,0,0,0,0,0,0,0,1011.05,30.7,71.5,35.39,2017/07/19,16:43:35,-88.1601689,30.7076032,114.223,7,
2017/07/20 16:30:19.1722,5.297,0,0,0,0,0,0,0,0,0,0,0,0,0,0,0,0,0,0,0,0,0,0,0,0,0,0,0,0,0,0,0,0,0,0,1010.7,30.7,71.5,35.34,2017/07/19,16:43:36,-88.1601269,30.7075904,119.882,7,
2017/07/20 16:30:19.1878,5.313,0,0,0,0,0,0,0,0,0,0,0,0,0,0,0,0,0,0,0,0,0,0,0,0,0,0,0,0,0,0,0,0,0,0,1010.6,30.62,71.2,35.17,2017/07/19,16:43:37,-88.1600319,30.7075624,130.709,7,
2017/07/20 16:30:19.2190,5.344,0,0,0,0,0,0,0,0,0,0,0,0,0,0,0,0,0,0,0,0,0,0,0,0,0,0,0,0,0,0,0,0,0,0,1010.76,30.51,72.7,35.08,2017/07/19,16:43:38,-88.1599821,30.7075478,136.667,7,
2017/07/20 16:30:19.2503,5.375,0,0,0,0,0,0,0,0,0,0,0,0,0,0,0,0,0,0,0,0,0,0,0,0,0,0,0,0,0,0,0,0,0,0,1010.66,30.45,72.7,34.91,2017/07/19,16:43:39,-88.1599628,30.7075409,140.457,7,
2017/07/20 16:30:19.2659,5.391,0,0,0,0,0,0,0,0,0,0,0,0,0,0,0,0,0,0,0,0,0,0,0,0,0,0,0,0,0,0,0,0,0,0,1010.45,30.41,72.8,34.91,2017/07/19,16:43:40,-88.1599265,30.7075276,145.237,7,
2017/07/20 16:30:19.2972,5.422,0,0,0,0,0,0,0,0,0,0,0,0,0,0,0,0,0,0,0,0,0,0,0,0,0,0,0,0,0,0,0,0,0,0,1010.31,30.46,71.6,34.7,2017/07/19,16:43:41,-88.1598641,30.7075039,153.036,7,
2017/07/20 16:30:19.3284,5.453,0,0,0,0,0,0,0,0,0,0,0,0,0,0,0,0,0,0,0,0,0,0,0,0,0,0,0,0,0,0,0,0,0,0,1010.2,30.2,70.9,34.4,2017/07/19,16:43:42,-88.159801,30.7074805,161.396,7,
2017/07/20 16:30:19.3440,5.469,0,0,0,0,0,0,0,0,0,0,0,0,0,0,0,0,0,0,0,0,0,0,0,0,0,0,0,0,0,0,0,0,0,0,1010.24,30.18,70.8,34.18,2017/07/19,16:43:43,-88.1597664,30.7074703,165.963,7,
2017/07/20 16:30:19.3752,5.500,0,0,0,0,0,0,0,0,0,0,0,0,0,0,0,0,0,0,0,0,0,0,0,0,0,0,0,0,0,0,0,0,0,0,1009.99,30.15,71.1,33.88,2017/07/19,16:43:44,-88.1597317,30.7074651,171.08,7,
2017/07/20 16:30:19.4065,5.531,0,0,0,0,0,0,0,0,0,0,0,0,0,0,0,0,0,0,0,0,0,0,0,0,0,0,0,0,0,0,0,0,0,0,1009.82,30,70.5,33.71,2017/07/19,16:43:45,-88.1596921,30.7074604,176.148,7,
2017/07/20 16:30:19.4222,5.547,0,0,0,0,0,0,0,0,0,0,0,0,0,0,0,0,0,0,0,0,0,0,0,0,0,0,0,0,0,0,0,0,0,0,1009.82,30.12,71.1,33.45,2017/07/19,16:43:46,-88.1596568,30.7074562,180.732,7,
2017/07/20 16:30:19.4534,5.578,0,0,0,0,0,0,0,0,0,0,0,0,0,0,0,0,0,0,0,0,0,0,0,0,0,0,0,0,0,0,0,0,0,0,1009.64,30.08,73.1,33.2,2017/07/19,16:43:47,-88.1596114,30.7074482,186.778,7,
2017/07/20 16:30:19.4847,5.610,0,0,0,0,0,0,0,0,0,0,0,0,0,0,0,0,0,0,0,0,0,0,0,0,0,0,0,0,0,0,0,0,0,0,1009.65,30.05,71,33.24,2017/07/19,16:43:48,-88.1595694,30.7074391,192.692,7,
2017/07/20 16:30:19.5003,5.625,0,0,0,0,0,0,0,0,0,0,0,0,0,0,0,0,0,0,0,0,0,0,0,0,0,0,0,0,0,0,0,0,0,0,1009.55,30.2,72.7,33.41,2017/07/19,16:43:49,-88.1595393,30.7074306,196.68,7,
2017/07/20 16:30:19.5315,5.656,0,0,0,0,0,0,0,0,0,0,0,0,0,0,0,0,0,0,0,0,0,0,0,0,0,0,0,0,0,0,0,0,0,0,1009.35,30.37,72.5,33.67,2017/07/19,16:43:50,-88.1595051,30.7074163,201.299,7,
2017/07/20 16:30:19.5628,5.688,0,0,0,0,0,0,0,0,0,0,0,0,0,0,0,0,0,0,0,0,0,0,0,0,0,0,0,0,0,0,0,0,0,0,1009.28,30.43,74.4,33.67,2017/07/19,16:43:51,-88.159459,30.7073967,207.011,7,
2017/07/20 16:30:19.5784,5.703,0,0,0,0,0,0,0,0,0,0,0,0,0,0,0,0,0,0,0,0,0,0,0,0,0,0,0,0,0,0,0,0,0,0,1009.22,30.48,68.5,33.71,2017/07/19,16:43:52,-88.1593921,30.7073735,214.732,7,
2017/07/20 16:30:19.6097,5.735,0,0,0,0,0,0,0,0,0,0,0,0,0,0,0,0,0,0,0,0,0,0,0,0,0,0,0,0,0,0,0,0,0,0,1009.08,30.47,71.7,33.71,2017/07/19,16:43:53,-88.159325,30.7073553,222.333,7,
2017/07/20 16:30:19.6409,5.766,0,0,0,0,0,0,0,0,0,0,0,0,0,0,0,0,0,0,0,0,0,0,0,0,0,0,0,0,0,0,0,0,0,0,1009.04,30.4,71.5,33.84,2017/07/19,16:43:54,-88.1592381,30.707332,232.711,7,
2017/07/20 16:30:19.6565,5.781,0,0,0,0,0,0,0,0,0,0,0,0,0,0,0,0,0,0,0,0,0,0,0,0,0,0,0,0,0,0,0,0,0,0,1008.73,30.41,70.6,34.01,2017/07/19,16:43:55,-88.1591664,30.7073197,243.584,8,
2017/07/20 16:30:19.6878,5.813,0,0,0,0,0,0,0,0,0,0,0,0,0,0,0,0,0,0,0,0,0,0,0,0,0,0,0,0,0,0,0,0,0,0,1008.74,30.47,71,34.1,2017/07/19,16:43:56,-88.1591557,30.7073246,246.702,7,
2017/07/20 16:30:19.7190,5.844,0,0,0,0,0,0,0,0,0,0,0,0,0,0,0,0,0,0,0,0,0,0,0,0,0,0,0,0,0,0,0,0,0,0,1008.58,30.58,72.5,34.23,2017/07/19,16:43:57,-88.1591411,30.7073308,250.486,7,
2017/07/20 16:30:19.7347,5.860,0,0,0,0,0,0,0,0,0,0,0,0,0,0,0,0,0,0,0,0,0,0,0,0,0,0,0,0,0,0,0,0,0,0,1008.55,30.58,71.1,34.27,2017/07/19,16:43:58,-88.1591321,30.7073416,253.532,7,
2017/07/20 16:30:19.7659,5.891,0,0,0,0,0,0,0,0,0,0,0,0,0,0,0,0,0,0,0,0,0,0,0,0,0,0,0,0,0,0,0,0,0,0,1008.51,30.43,70.4,34.27,2017/07/19,16:43:59,-88.1591286,30.707358,255.883,7,
2017/07/20 16:30:19.7972,5.922,0,0,0,0,0,0,0,0,0,0,0,0,0,0,0,0,0,0,0,0,0,0,0,0,0,0,0,0,0,0,0,0,0,0,1008.29,30.49,70.3,34.31,2017/07/19,16:44:00,-88.1591235,30.7073767,258.173,7,
2017/07/20 16:30:19.8128,5.938,0,0,0,0,0,0,0,0,0,0,0,0,0,0,0,0,0,0,0,0,0,0,0,0,0,0,0,0,0,0,0,0,0,0,1008.15,30.5,71.3,34.31,2017/07/19,16:44:01,-88.1591237,30.707395,260,7,
2017/07/20 16:30:19.8440,5.969,0,0,0,0,0,0,0,0,0,0,0,0,0,0,0,0,0,0,0,0,0,0,0,0,0,0,0,0,0,0,0,0,0,0,1008.02,30.41,74.7,34.27,2017/07/19,16:44:02,-88.1591252,30.7074064,262.151,7,
2017/07/20 16:30:19.8753,6.000,0,0,0,0,0,0,0,0,0,0,0,0,0,0,0,0,0,0,0,0,0,0,0,0,0,0,0,0,0,0,0,0,0,0,1007.86,30.46,73.2,34.01,2017/07/19,16:44:03,-88.1591395,30.7074179,262.322,7,
2017/07/20 16:30:19.8909,6.016,0,0,0,0,0,0,0,0,0,0,0,0,0,0,0,0,0,0,0,0,0,0,0,0,0,0,0,0,0,0,0,0,0,0,1007.75,30.34,73.2,33.71,2017/07/19,16:44:04,-88.1591643,30.7074286,260.741,7,
2017/07/20 16:30:19.9222,6.047,0,0,0,0,0,0,0,0,0,0,0,0,0,0,0,0,0,0,0,0,0,0,0,0,0,0,0,0,0,0,0,0,0,0,1007.66,30.37,73.1,33.63,2017/07/19,16:44:05,-88.15918,30.7074332,260.332,7,
2017/07/20 16:30:19.9534,6.078,0,0,0,0,0,0,0,0,0,0,0,0,0,0,0,0,0,0,0,0,0,0,0,0,0,0,0,0,0,0,0,0,0,0,1007.51,30.23,74.4,33.41,2017/07/19,16:44:06,-88.1592025,30.7074337,259.846,7,
2017/07/20 16:30:19.9691,6.094,0,0,0,0,0,0,0,0,0,0,0,0,0,0,0,0,0,0,0,0,0,0,0,0,0,0,0,0,0,0,0,0,0,0,1007.48,30.31,75,33.41,2017/07/19,16:44:07,-88.1591383,30.7074037,269.167,8,
2017/07/20 16:30:19.9846,6.109,0,0,0,0,0,0,0,0,0,0,0,0,0,0,0,0,0,0,0,0,0,0,0,0,0,0,0,0,0,0,0,0,0,0,1007.28,30.37,72.2,33.24,2017/07/19,16:44:08,-88.1590549,30.7073676,279.263,8,
2017/07/20 16:30:20.0159,6.141,0,0,0,0,0,0,0,0,0,0,0,0,0,0,0,0,0,0,0,0,0,0,0,0,0,0,0,0,0,0,0,0,0,0,1007.18,30.37,72.3,33.15,2017/07/19,16:44:09,-88.1590471,30.7073657,280.933,7,
2017/07/20 16:30:20.0472,6.172,0,0,0,0,0,0,0,0,0,0,0,0,0,0,0,0,0,0,0,0,0,0,0,0,0,0,0,0,0,0,0,0,0,0,1007.15,30.21,72.1,33.2,2017/07/19,16:44:10,-88.1590348,30.7073663,283.545,7,
2017/07/20 16:30:20.0784,6.203,0,0,0,0,0,0,0,0,0,0,0,0,0,0,0,0,0,0,0,0,0,0,0,0,0,0,0,0,0,0,0,0,0,0,1006.88,30.37,72.7,33.33,2017/07/19,16:44:11,-88.1590432,30.7073706,284.45,7,
2017/07/20 16:30:20.0940,6.219,0,0,0,0,0,0,0,0,0,0,0,0,0,0,0,0,0,0,0,0,0,0,0,0,0,0,0,0,0,0,0,0,0,0,1007.13,30.43,74.1,33.24,2017/07/19,16:44:12,-88.1590692,30.7073832,284.855,7,
2017/07/20 16:30:20.1253,6.250,0,0,0,0,0,0,0,0,0,0,0,0,0,0,0,0,0,0,0,0,0,0,0,0,0,0,0,0,0,0,0,0,0,0,1006.79,30.31,74.8,32.94,2017/07/19,16:44:13,-88.1591093,30.7074061,284.336,7,
2017/07/20 16:30:20.1566,6.281,0,0,0,0,0,0,0,0,0,0,0,0,0,0,0,0,0,0,0,0,0,0,0,0,0,0,0,0,0,0,0,0,0,0,1006.76,30.27,74.9,32.98,2017/07/19,16:44:14,-88.159127,30.7074199,284.834,7,
2017/07/20 16:30:20.1722,6.297,0,0,0,0,0,0,0,0,0,0,0,0,0,0,0,0,0,0,0,0,0,0,0,0,0,0,0,0,0,0,0,0,0,0,1006.62,30.12,74.6,32.85,2017/07/19,16:44:15,-88.1591412,30.7074292,284.466,7,
2017/07/20 16:30:20.2034,6.328,0,0,0,0,0,0,0,0,0,0,0,0,0,0,0,0,0,0,0,0,0,0,0,0,0,0,0,0,0,0,0,0,0,0,1006.38,30.18,74.9,32.81,2017/07/19,16:44:16,-88.1591446,30.7074328,284.126,7,
2017/07/20 16:30:20.2347,6.360,0,0,0,0,0,0,0,0,0,0,0,0,0,0,0,0,0,0,0,0,0,0,0,0,0,0,0,0,0,0,0,0,0,0,1006.56,30.21,74.8,32.64,2017/07/19,16:44:17,-88.1591655,30.7074425,282.291,7,
2017/07/20 16:30:20.2503,6.375,0,0,0,0,0,0,0,0,0,0,0,0,0,0,0,0,0,0,0,0,0,0,0,0,0,0,0,0,0,0,0,0,0,0,1006.41,30.12,74.5,32.51,2017/07/19,16:44:18,-88.159178,30.7074464,280.823,7,
2017/07/20 16:30:20.2816,6.406,0,0,0,0,0,0,0,0,0,0,0,0,0,0,0,0,0,0,0,0,0,0,0,0,0,0,0,0,0,0,0,0,0,0,1006.54,30.01,68.4,32.34,2017/07/19,16:44:19,-88.1592059,30.7074503,277.815,7,
2017/07/20 16:30:20.3128,6.438,0,0,0,0,0,0,0,0,0,0,0,0,0,0,0,0,0,0,0,0,0,0,0,0,0,0,0,0,0,0,0,0,0,0,1006.48,30.1,74.6,32.25,2017/07/19,16:44:20,-88.1592241,30.7074585,276.367,7,
2017/07/20 16:30:20.3284,6.453,0,0,0,0,0,0,0,0,0,0,0,0,0,0,0,0,0,0,0,0,0,0,0,0,0,0,0,0,0,0,0,0,0,0,1006.45,30.03,73.3,32.17,2017/07/19,16:44:21,-88.1591685,30.7074447,282.496,8,
2017/07/20 16:30:20.3597,6.485,0,0,0,0,0,0,0,0,0,0,0,0,0,0,0,0,0,0,0,0,0,0,0,0,0,0,0,0,0,0,0,0,0,0,1006.55,30.12,74,32.12,2017/07/19,16:44:22,-88.1591485,30.7074381,283.923,8,
2017/07/20 16:30:20.3909,6.516,0,0,0,0,0,0,0,0,0,0,0,0,0,0,0,0,0,0,0,0,0,0,0,0,0,0,0,0,0,0,0,0,0,0,1006.47,30.13,74.6,32.12,2017/07/19,16:44:23,-88.1591808,30.7074443,280.331,7,
2017/07/20 16:30:20.4066,6.531,0,0,0,0,0,0,0,0,0,0,0,0,0,0,0,0,0,0,0,0,0,0,0,0,0,0,0,0,0,0,0,0,0,0,1006.25,30.11,72.6,32.73,2017/07/19,16:44:24,-88.1592062,30.7074481,278.019,7,
2017/07/20 16:30:20.4378,6.563,0,0,0,0,0,0,0,0,0,0,0,0,0,0,0,0,0,0,0,0,0,0,0,0,0,0,0,0,0,0,0,0,0,0,1006.19,30.1,72.7,32.73,2017/07/19,16:44:25,-88.1592377,30.7074515,275.153,7,
2017/07/20 16:30:20.4691,6.594,0,0,0,0,0,0,0,0,0,0,0,0,0,0,0,0,0,0,0,0,0,0,0,0,0,0,0,0,0,0,0,0,0,0,1006.44,30.08,70.9,32.68,2017/07/19,16:44:26,-88.1592689,30.7074566,272.122,7,
2017/07/20 16:30:20.4989,6.624,0,0,0,0,0,0,0,0,0,0,0,0,0,0,0,0,0,0,0,0,0,0,0,0,0,0,0,0,0,0,0,0,0,0,1006.45,30.08,72.1,32.12,2017/07/19,16:44:27,-88.15931,30.7074707,267.724,7,
2017/07/20 16:30:20.5111,6.636,0,0,0,0,0,0,0,0,0,0,0,0,0,0,0,0,0,0,0,0,0,0,0,0,0,0,0,0,0,0,0,0,0,0,1006.44,30.08,75.7,32.73,2017/07/19,16:44:28,-88.1593436,30.7074862,264.569,7,
2017/07/20 16:30:20.5424,6.667,0,0,0,0,0,0,0,0,0,0,0,0,0,0,0,0,0,0,0,0,0,0,0,0,0,0,0,0,0,0,0,0,0,0,1006.38,29.99,75.7,32.68,2017/07/19,16:44:29,-88.1593756,30.7075018,261.026,7,
2017/07/20 16:30:20.5736,6.698,0,0,0,0,0,0,0,0,0,0,0,0,0,0,0,0,0,0,0,0,0,0,0,0,0,0,0,0,0,0,0,0,0,0,1006.43,30.06,73.1,32.68,2017/07/19,16:44:30,-88.1593945,30.7075141,258.569,7,
2017/07/20 16:30:20.5892,6.714,0,0,0,0,0,0,0,0,0,0,0,0,0,0,0,0,0,0,0,0,0,0,0,0,0,0,0,0,0,0,0,0,0,0,1006.48,30.14,73,32.73,2017/07/19,16:44:31,-88.1594282,30.7075287,255.081,7,
2017/07/20 16:30:20.6205,6.745,0,0,0,0,0,0,0,0,0,0,0,0,0,0,0,0,0,0,0,0,0,0,0,0,0,0,0,0,0,0,0,0,0,0,1006.48,30.2,75.6,32.08,2017/07/19,16:44:32,-88.1594572,30.7075406,251.9,7,
2017/07/20 16:30:20.6518,6.777,0,0,0,0,0,0,0,0,0,0,0,0,0,0,0,0,0,0,0,0,0,0,0,0,0,0,0,0,0,0,0,0,0,0,1006.49,30.25,76.4,32.21,2017/07/19,16:44:33,-88.159459,30.7075425,251.066,7,
2017/07/20 16:30:20.6674,6.792,0,0,0,0,0,0,0,0,0,0,0,0,0,0,0,0,0,0,0,0,0,0,0,0,0,0,0,0,0,0,0,0,0,0,1006.39,30.18,74,32.25,2017/07/19,16:44:34,-88.1594565,30.7075385,250.608,7,
2017/07/20 16:30:20.6986,6.823,0,0,0,0,0,0,0,0,0,0,0,0,0,0,0,0,0,0,0,0,0,0,0,0,0,0,0,0,0,0,0,0,0,0,1006.52,30.35,72.9,32.42,2017/07/19,16:44:35,-88.1594635,30.7075327,250.034,7,
2017/07/20 16:30:20.7299,6.855,0,0,0,0,0,0,0,0,0,0,0,0,0,0,0,0,0,0,0,0,0,0,0,0,0,0,0,0,0,0,0,0,0,0,1006.51,30.32,74.9,32.55,2017/07/19,16:44:36,-88.1595036,30.7075329,246.217,7,
2017/07/20 16:30:20.7455,6.870,0,0,0,0,0,0,0,0,0,0,0,0,0,0,0,0,0,0,0,0,0,0,0,0,0,0,0,0,0,0,0,0,0,0,1006.48,30.12,74,32.42,2017/07/19,16:44:37,-88.1593167,30.7074757,269.557,8,
2017/07/20 16:30:20.7768,6.902,0,0,0,0,0,0,0,0,0,0,0,0,0,0,0,0,0,0,0,0,0,0,0,0,0,0,0,0,0,0,0,0,0,0,1006.27,29.97,72.7,32.34,2017/07/19,16:44:38,-88.159197,30.7074342,285.252,8,
2017/07/20 16:30:20.8080,6.933,0,0,0,0,0,0,0,0,0,0,0,0,0,0,0,0,0,0,0,0,0,0,0,0,0,0,0,0,0,0,0,0,0,0,1006.47,29.91,72.5,32.17,2017/07/19,16:44:39,-88.1590757,30.7073936,300.23,8,
2017/07/20 16:30:20.8236,6.948,0,0,0,0,0,0,0,0,0,0,0,0,0,0,0,0,0,0,0,0,0,0,0,0,0,0,0,0,0,0,0,0,0,0,1006.4,29.84,72.8,32.68,2017/07/19,16:44:40,-88.1589842,30.7073688,311.124,8,
2017/07/20 16:30:20.8549,6.980,0,0,0,0,0,0,0,0,0,0,0,0,0,0,0,0,0,0,0,0,0,0,0,0,0,0,0,0,0,0,0,0,0,0,1006.53,30.04,72.8,32.73,2017/07/19,16:44:41,-88.1589199,30.7073573,318.662,8,
2017/07/20 16:30:20.8861,7.011,0,0,0,0,0,0,0,0,0,0,0,0,0,0,0,0,0,0,0,0,0,0,0,0,0,0,0,0,0,0,0,0,0,0,1006.49,30.08,72.8,32.73,2017/07/19,16:44:42,-88.15886,30.707345,326.043,8,
2017/07/20 16:30:20.9017,7.027,0,0,0,0,0,0,0,0,0,0,0,0,0,0,0,0,0,0,0,0,0,0,0,0,0,0,0,0,0,0,0,0,0,0,1006.44,30.05,72.7,32.08,2017/07/19,16:44:43,-88.1588978,30.7073636,323.418,7,
2017/07/20 16:30:20.9330,7.058,0,0,0,0,0,0,0,0,0,0,0,0,0,0,0,0,0,0,0,0,0,0,0,0,0,0,0,0,0,0,0,0,0,0,1006.57,30.08,72.3,32.12,2017/07/19,16:44:44,-88.1588963,30.7073631,325.687,8,
2017/07/20 16:30:20.9642,7.089,0,0,0,0,0,0,0,0,0,0,0,0,0,0,0,0,0,0,0,0,0,0,0,0,0,0,0,0,0,0,0,0,0,0,1006.61,30.03,72.7,32.21,2017/07/19,16:44:45,-88.1588987,30.7073623,326.346,8,
2017/07/20 16:30:20.9798,7.105,0,0,0,0,0,0,0,0,0,0,0,0,0,0,0,0,0,0,0,0,0,0,0,0,0,0,0,0,0,0,0,0,0,0,1006.75,29.97,72.5,32.12,2017/07/19,16:44:46,-88.1588974,30.707358,326.717,8,
2017/07/20 16:30:21.0111,7.136,0,0,0,0,0,0,0,0,0,0,0,0,0,0,0,0,0,0,0,0,0,0,0,0,0,0,0,0,0,0,0,0,0,0,1006.42,29.93,74.1,32.6,2017/07/19,16:44:47,-88.1588778,30.7073489,328.915,8,
2017/07/20 16:30:21.0423,7.167,0,0,0,0,0,0,0,0,0,0,0,0,0,0,0,0,0,0,0,0,0,0,0,0,0,0,0,0,0,0,0,0,0,0,1006.53,29.81,73.7,32.6,2017/07/19,16:44:48,-88.1588555,30.7073479,330.584,8,
2017/07/20 16:30:21.0580,7.183,0,0,0,0,0,0,0,0,0,0,0,0,0,0,0,0,0,0,0,0,0,0,0,0,0,0,0,0,0,0,0,0,0,0,1006.81,29.93,73.7,32.25,2017/07/19,16:44:49,-88.1588189,30.7073482,332.733,8,
2017/07/20 16:30:21.0893,7.214,0,0,0,0,0,0,0,0,0,0,0,0,0,0,0,0,0,0,0,0,0,0,0,0,0,0,0,0,0,0,0,0,0,0,1007.15,29.89,73.3,32.6,2017/07/19,16:44:50,-88.1587766,30.7073499,334.109,8,
2017/07/20 16:30:21.1049,7.230,0,0,0,0,0,0,0,0,0,0,0,0,0,0,0,0,0,0,0,0,0,0,0,0,0,0,0,0,0,0,0,0,0,0,1007.01,29.89,71.8,32.64,2017/07/19,16:44:51,-88.1587325,30.7073554,335.467,8,
2017/07/20 16:30:21.1361,7.261,0,0,0,0,0,0,0,0,0,0,0,0,0,0,0,0,0,0,0,0,0,0,0,0,0,0,0,0,0,0,0,0,0,0,1007.14,29.91,69.7,32.73,2017/07/19,16:44:52,-88.1586936,30.707356,337.115,8,
2017/07/20 16:30:21.1674,7.292,0,0,0,0,0,0,0,0,0,0,0,0,0,0,0,0,0,0,0,0,0,0,0,0,0,0,0,0,0,0,0,0,0,0,1007.28,29.95,71.1,32.98,2017/07/19,16:44:53,-88.158662,30.7073482,339.501,8,
2017/07/20 16:30:21.1830,7.308,0,0,0,0,0,0,0,0,0,0,0,0,0,0,0,0,0,0,0,0,0,0,0,0,0,0,0,0,0,0,0,0,0,0,1006.97,29.79,70.7,32.94,2017/07/19,16:44:54,-88.1586591,30.7073406,339.246,8,
2017/07/20 16:30:21.2143,7.339,0,0,0,0,0,0,0,0,0,0,0,0,0,0,0,0,0,0,0,0,0,0,0,0,0,0,0,0,0,0,0,0,0,0,1007.27,29.72,70.8,32.34,2017/07/19,16:44:55,-88.1586383,30.7073231,342.726,8,
2017/07/20 16:30:21.2455,7.370,0,0,0,0,0,0,0,0,0,0,0,0,0,0,0,0,0,0,0,0,0,0,0,0,0,0,0,0,0,0,0,0,0,0,1007.14,29.68,70.6,32.64,2017/07/19,16:44:56,-88.1586458,30.7073094,342.657,8,
2017/07/20 16:30:21.2611,7.386,0,0,0,0,0,0,0,0,0,0,0,0,0,0,0,0,0,0,0,0,0,0,0,0,0,0,0,0,0,0,0,0,0,0,1007.33,29.72,70.9,32.38,2017/07/19,16:44:57,-88.1586597,30.7072914,341.888,8,
2017/07/20 16:30:21.2924,7.417,0,0,0,0,0,0,0,0,0,0,0,0,0,0,0,0,0,0,0,0,0,0,0,0,0,0,0,0,0,0,0,0,0,0,1007.22,29.8,70.2,32.34,2017/07/19,16:44:58,-88.158684,30.7072766,339.996,8,
2017/07/20 16:30:21.3236,7.448,0,0,0,0,0,0,0,0,0,0,0,0,0,0,0,0,0,0,0,0,0,0,0,0,0,0,0,0,0,0,0,0,0,0,1007.47,29.89,62.9,32.51,2017/07/19,16:44:59,-88.1587136,30.7072654,337.164,8,
2017/07/20 16:30:21.3393,7.464,0,0,0,0,0,0,0,0,0,0,0,0,0,0,0,0,0,0,0,0,0,0,0,0,0,0,0,0,0,0,0,0,0,0,1007.62,29.74,67.1,32.34,2017/07/19,16:45:00,-88.1587448,30.7072672,334.455,8,
2017/07/20 16:30:21.3705,7.495,0,0,0,0,0,0,0,0,0,0,0,0,0,0,0,0,0,0,0,0,0,0,0,0,0,0,0,0,0,0,0,0,0,0,1007.68,29.67,70.9,32.08,2017/07/19,16:45:01,-88.1587745,30.707277,331.41,8,
2017/07/20 16:30:21.4018,7.527,0,0,0,0,0,0,0,0,0,0,0,0,0,0,0,0,0,0,0,0,0,0,0,0,0,0,0,0,0,0,0,0,0,0,1007.77,29.6,74.9,32.42,2017/07/19,16:45:02,-88.158787,30.707283,329.746,8,
2017/07/20 16:30:21.4174,7.542,0,0,0,0,0,0,0,0,0,0,0,0,0,0,0,0,0,0,0,0,0,0,0,0,0,0,0,0,0,0,0,0,0,0,1007.78,29.6,72.6,32.38,2017/07/19,16:45:03,-88.1587864,30.7072848,329.001,8,
2017/07/20 16:30:21.4486,7.573,0,0,0,0,0,0,0,0,0,0,0,0,0,0,0,0,0,0,0,0,0,0,0,0,0,0,0,0,0,0,0,0,0,0,1008.06,29.62,72.7,32.21,2017/07/19,16:45:04,-88.1587712,30.7072865,328.263,8,
2017/07/20 16:30:21.4799,7.605,0,0,0,0,0,0,0,0,0,0,0,0,0,0,0,0,0,0,0,0,0,0,0,0,0,0,0,0,0,0,0,0,0,0,1008.4,29.66,68.9,32.73,2017/07/19,16:45:05,-88.1587533,30.7072913,326.907,8,
2017/07/20 16:30:21.4955,7.620,0,0,0,0,0,0,0,0,0,0,0,0,0,0,0,0,0,0,0,0,0,0,0,0,0,0,0,0,0,0,0,0,0,0,1008.36,29.68,67,32.3,2017/07/19,16:45:06,-88.1587407,30.7072951,326.482,8,
2017/07/20 16:30:21.5268,7.652,0,0,0,0,0,0,0,0,0,0,0,0,0,0,0,0,0,0,0,0,0,0,0,0,0,0,0,0,0,0,0,0,0,0,1008.11,29.67,72.2,32.3,2017/07/19,16:45:07,-88.1587519,30.7072926,324.026,8,
2017/07/20 16:30:21.5580,7.683,0,0,0,0,0,0,0,0,0,0,0,0,0,0,0,0,0,0,0,0,0,0,0,0,0,0,0,0,0,0,0,0,0,0,1008.27,29.66,70.5,32.68,2017/07/19,16:45:08,-88.1587672,30.7072877,321.296,8,
2017/07/20 16:30:21.5736,7.698,0,0,0,0,0,0,0,0,0,0,0,0,0,0,0,0,0,0,0,0,0,0,0,0,0,0,0,0,0,0,0,0,0,0,1008.39,29.66,70.2,32.68,2017/07/19,16:45:09,-88.1587815,30.7072851,318.77,8,
2017/07/20 16:30:21.6049,7.730,0,0,0,0,0,0,0,0,0,0,0,0,0,0,0,0,0,0,0,0,0,0,0,0,0,0,0,0,0,0,0,0,0,0,1008.19,29.64,68.8,32.68,2017/07/19,16:45:10,-88.1587972,30.7072849,316.235,8,
2017/07/20 16:30:21.6361,7.761,0,0,0,0,0,0,0,0,0,0,0,0,0,0,0,0,0,0,0,0,0,0,0,0,0,0,0,0,0,0,0,0,0,0,1008.59,29.57,70.7,32.08,2017/07/19,16:45:11,-88.1588181,30.7072861,312.847,8,
2017/07/20 16:30:21.6518,7.777,0,0,0,0,0,0,0,0,0,0,0,0,0,0,0,0,0,0,0,0,0,0,0,0,0,0,0,0,0,0,0,0,0,0,1008.57,29.65,70.7,32.12,2017/07/19,16:45:12,-88.15884,30.7072914,308.957,8,
2017/07/20 16:30:21.6830,7.808,0,0,0,0,0,0,0,0,0,0,0,0,0,0,0,0,0,0,0,0,0,0,0,0,0,0,0,0,0,0,0,0,0,0,1008.69,29.6,70.9,32.25,2017/07/19,16:45:13,-88.1588555,30.7072975,305.762,8,
2017/07/20 16:30:21.7143,7.839,0,0,0,0,0,0,0,0,0,0,0,0,0,0,0,0,0,0,0,0,0,0,0,0,0,0,0,0,0,0,0,0,0,0,1008.75,29.64,69.7,32.38,2017/07/19,16:45:14,-88.158869,30.7073062,302.855,8,
2017/07/20 16:30:21.7299,7.855,0,0,0,0,0,0,0,0,0,0,0,0,0,0,0,0,0,0,0,0,0,0,0,0,0,0,0,0,0,0,0,0,0,0,1008.82,29.61,69.7,32.55,2017/07/19,16:45:15,-88.1588852,30.7073186,299.076,8,
2017/07/20 16:30:21.7611,7.886,0,0,0,0,0,0,0,0,0,0,0,0,0,0,0,0,0,0,0,0,0,0,0,0,0,0,0,0,0,0,0,0,0,0,1009.07,29.59,71.1,32.51,2017/07/19,16:45:16,-88.1588954,30.7073295,296.047,8,
2017/07/20 16:30:21.7924,7.917,0,0,0,0,0,0,0,0,0,0,0,0,0,0,0,0,0,0,0,0,0,0,0,0,0,0,0,0,0,0,0,0,0,0,1009.16,29.65,70.8,32.42,2017/07/19,16:45:17,-88.1589156,30.7073367,291.927,8,
2017/07/20 16:30:21.8080,7.933,0,0,0,0,0,0,0,0,0,0,0,0,0,0,0,0,0,0,0,0,0,0,0,0,0,0,0,0,0,0,0,0,0,0,1009.11,29.95,72.8,32.38,2017/07/19,16:45:18,-88.1589415,30.707338,287.343,8,
2017/07/20 16:30:21.8393,7.964,0,0,0,0,0,0,0,0,0,0,0,0,0,0,0,0,0,0,0,0,0,0,0,0,0,0,0,0,0,0,0,0,0,0,1009.21,30.01,72.7,32.47,2017/07/19,16:45:19,-88.1589523,30.7073357,285.059,7,
2017/07/20 16:30:21.8705,7.995,0,0,0,0,0,0,0,0,0,0,0,0,0,0,0,0,0,0,0,0,0,0,0,0,0,0,0,0,0,0,0,0,0,0,1009.45,30.06,70.9,32.47,2017/07/19,16:45:20,-88.158964,30.7073316,282.689,8,
2017/07/20 16:30:21.8861,8.011,0,0,0,0,0,0,0,0,0,0,0,0,0,0,0,0,0,0,0,0,0,0,0,0,0,0,0,0,0,0,0,0,0,0,1009.39,30.01,71.6,32.47,2017/07/19,16:45:21,-88.1589727,30.7073314,280.271,8,
2017/07/20 16:30:21.9174,8.042,0,0,0,0,0,0,0,0,0,0,0,0,0,0,0,0,0,0,0,0,0,0,0,0,0,0,0,0,0,0,0,0,0,0,1009.49,29.99,71.7,32.47,2017/07/19,16:45:22,-88.1589799,30.7073356,277.985,8,
2017/07/20 16:30:21.9486,8.073,0,0,0,0,0,0,0,0,0,0,0,0,0,0,0,0,0,0,0,0,0,0,0,0,0,0,0,0,0,0,0,0,0,0,1009.48,29.89,72.1,32.55,2017/07/19,16:45:23,-88.1589793,30.7073367,277.306,8,
2017/07/20 16:30:21.9643,8.089,0,0,0,0,0,0,0,0,0,0,0,0,0,0,0,0,0,0,0,0,0,0,0,0,0,0,0,0,0,0,0,0,0,0,1009.69,29.85,71.1,32.51,2017/07/19,16:45:24,-88.159006,30.7073406,272.792,8,
2017/07/20 16:30:21.9955,8.120,0,0,0,0,0,0,0,0,0,0,0,0,0,0,0,0,0,0,0,0,0,0,0,0,0,0,0,0,0,0,0,0,0,0,1009.85,29.99,70.4,32.64,2017/07/19,16:45:25,-88.1590351,30.7073469,267.852,8,
2017/07/20 16:30:22.0268,8.152,0,0,0,0,0,0,0,0,0,0,0,0,0,0,0,0,0,0,0,0,0,0,0,0,0,0,0,0,0,0,0,0,0,0,1009.9,30.02,72,32.68,2017/07/19,16:45:26,-88.1590578,30.7073584,264.377,7,
2017/07/20 16:30:22.0424,8.167,0,0,0,0,0,0,0,0,0,0,0,0,0,0,0,0,0,0,0,0,0,0,0,0,0,0,0,0,0,0,0,0,0,0,1010.14,29.95,70.9,32.08,2017/07/19,16:45:27,-88.1590696,30.7073672,262.728,7,
2017/07/20 16:30:22.0736,8.198,0,0,0,0,0,0,0,0,0,0,0,0,0,0,0,0,0,0,0,0,0,0,0,0,0,0,0,0,0,0,0,0,0,0,1010.11,29.94,69,32.12,2017/07/19,16:45:28,-88.1590882,30.7073785,260.07,7,
2017/07/20 16:30:22.1049,8.230,0,0,0,0,0,0,0,0,0,0,0,0,0,0,0,0,0,0,0,0,0,0,0,0,0,0,0,0,0,0,0,0,0,0,1010.1,29.83,70.8,32.17,2017/07/19,16:45:29,-88.1591096,30.7073908,257.202,7,
2017/07/20 16:30:22.1205,8.245,0,0,0,0,0,0,0,0,0,0,0,0,0,0,0,0,0,0,0,0,0,0,0,0,0,0,0,0,0,0,0,0,0,0,1010.24,29.78,72.7,32.73,2017/07/19,16:45:30,-88.1591468,30.7073974,252.133,8,
2017/07/20 16:30:22.1518,8.277,0,0,0,0,0,0,0,0,0,0,0,0,0,0,0,0,0,0,0,0,0,0,0,0,0,0,0,0,0,0,0,0,0,0,1010.29,29.93,72.8,32.55,2017/07/19,16:45:31,-88.1591782,30.707396,247.472,8,
2017/07/20 16:30:22.1830,8.308,0,0,0,0,0,0,0,0,0,0,0,0,0,0,0,0,0,0,0,0,0,0,0,0,0,0,0,0,0,0,0,0,0,0,1010.42,29.74,69.1,32.25,2017/07/19,16:45:32,-88.1592099,30.7073967,242.546,8,
2017/07/20 16:30:22.1986,8.323,0,0,0,0,0,0,0,0,0,0,0,0,0,0,0,0,0,0,0,0,0,0,0,0,0,0,0,0,0,0,0,0,0,0,1010.45,29.87,70.6,32.25,2017/07/19,16:45:33,-88.159231,30.7073989,238.662,8,
2017/07/20 16:30:22.2142,8.339,0,0,0,0,0,0,0,0,0,0,0,0,0,0,0,0,0,0,0,0,0,0,0,0,0,0,0,0,0,0,0,0,0,0,1010.59,29.87,70.8,32.12,2017/07/19,16:45:34,-88.1592374,30.7073985,237.066,8,
2017/07/20 16:30:22.2611,8.386,0,0,0,0,0,0,0,0,0,0,0,0,0,0,0,0,0,0,0,0,0,0,0,0,0,0,0,0,0,0,0,0,0,0,1010.89,29.74,70.9,32.08,2017/07/19,16:45:35,-88.159262,30.7074003,233.993,8,
2017/07/20 16:30:22.2768,8.402,0,0,0,0,0,0,0,0,0,0,0,0,0,0,0,0,0,0,0,0,0,0,0,0,0,0,0,0,0,0,0,0,0,0,1010.91,29.89,71.3,32.08,2017/07/19,16:45:36,-88.1592742,30.7073912,232.889,8,
2017/07/20 16:30:22.3080,8.433,0,0,0,0,0,0,0,0,0,0,0,0,0,0,0,0,0,0,0,0,0,0,0,0,0,0,0,0,0,0,0,0,0,0,1010.93,29.89,69.1,32.64,2017/07/19,16:45:37,-88.1593035,30.7073865,228.968,8,
2017/07/20 16:30:22.3393,8.464,0,0,0,0,0,0,0,0,0,0,0,0,0,0,0,0,0,0,0,0,0,0,0,0,0,0,0,0,0,0,0,0,0,0,1011.09,29.91,69,32.3,2017/07/19,16:45:38,-88.1593294,30.7073902,225.291,8,
2017/07/20 16:30:22.3549,8.480,0,0,0,0,0,0,0,0,0,0,0,0,0,0,0,0,0,0,0,0,0,0,0,0,0,0,0,0,0,0,0,0,0,0,1011.01,29.87,67.6,32.3,2017/07/19,16:45:39,-88.1593464,30.7073999,222.954,8,
2017/07/20 16:30:22.3861,8.511,0,0,0,0,0,0,0,0,0,0,0,0,0,0,0,0,0,0,0,0,0,0,0,0,0,0,0,0,0,0,0,0,0,0,1011.27,29.8,72,32.68,2017/07/19,16:45:40,-88.1593766,30.7074171,218.55,8,
2017/07/20 16:30:22.4174,8.542,0,0,0,0,0,0,0,0,0,0,0,0,0,0,0,0,0,0,0,0,0,0,0,0,0,0,0,0,0,0,0,0,0,0,1011.08,29.83,72.8,32.51,2017/07/19,16:45:41,-88.1593993,30.7074292,214.663,8,
2017/07/20 16:30:22.4330,8.558,0,0,0,0,0,0,0,0,0,0,0,0,0,0,0,0,0,0,0,0,0,0,0,0,0,0,0,0,0,0,0,0,0,0,1011.4,29.87,71.8,32.51,2017/07/19,16:45:42,-88.1594254,30.7074347,210.208,8,
2017/07/20 16:30:22.4643,8.589,0,0,0,0,0,0,0,0,0,0,0,0,0,0,0,0,0,0,0,0,0,0,0,0,0,0,0,0,0,0,0,0,0,0,1011.37,29.87,73.2,32.21,2017/07/19,16:45:43,-88.1594489,30.7074358,206.089,8,
2017/07/20 16:30:22.4955,8.620,0,0,0,0,0,0,0,0,0,0,0,0,0,0,0,0,0,0,0,0,0,0,0,0,0,0,0,0,0,0,0,0,0,0,1011.52,29.89,71.2,32.08,2017/07/19,16:45:44,-88.1594667,30.7074322,202.394,8,
2017/07/20 16:30:22.5112,8.636,0,0,0,0,0,0,0,0,0,0,0,0,0,0,0,0,0,0,0,0,0,0,0,0,0,0,0,0,0,0,0,0,0,0,1011.58,29.8,72.6,32.73,2017/07/19,16:45:45,-88.159486,30.7074253,199.131,8,
2017/07/20 16:30:22.5424,8.667,0,0,0,0,0,0,0,0,0,0,0,0,0,0,0,0,0,0,0,0,0,0,0,0,0,0,0,0,0,0,0,0,0,0,1011.57,29.85,71.9,32.73,2017/07/19,16:45:46,-88.1595163,30.7074207,194.889,8,
2017/07/20 16:30:22.5737,8.698,0,0,0,0,0,0,0,0,0,0,0,0,0,0,0,0,0,0,0,0,0,0,0,0,0,0,0,0,0,0,0,0,0,0,1011.81,29.99,69.7,32.08,2017/07/19,16:45:47,-88.1595256,30.7074072,192.773,8,
2017/07/20 16:30:22.5893,8.714,0,0,0,0,0,0,0,0,0,0,0,0,0,0,0,0,0,0,0,0,0,0,0,0,0,0,0,0,0,0,0,0,0,0,1011.8,30.18,70.7,32.38,2017/07/19,16:45:48,-88.1595471,30.7074018,189.271,8,
2017/07/20 16:30:22.6205,8.745,0,0,0,0,0,0,0,0,0,0,0,0,0,0,0,0,0,0,0,0,0,0,0,0,0,0,0,0,0,0,0,0,0,0,1011.9,30.14,70.7,32.34,2017/07/19,16:45:49,-88.1595896,30.7074076,184.511,8,
2017/07/20 16:30:22.6518,8.777,0,0,0,0,0,0,0,0,0,0,0,0,0,0,0,0,0,0,0,0,0,0,0,0,0,0,0,0,0,0,0,0,0,0,1011.83,30.12,74.8,32.6,2017/07/19,16:45:50,-88.1596216,30.7074132,181.463,8,
2017/07/20 16:30:22.6674,8.792,0,0,0,0,0,0,0,0,0,0,0,0,0,0,0,0,0,0,0,0,0,0,0,0,0,0,0,0,0,0,0,0,0,0,1012.22,30.03,74.8,32.08,2017/07/19,16:45:51,-88.1596498,30.7074202,177.337,8,
2017/07/20 16:30:22.6987,8.823,0,0,0,0,0,0,0,0,0,0,0,0,0,0,0,0,0,0,0,0,0,0,0,0,0,0,0,0,0,0,0,0,0,0,1012.18,30.06,72.9,32.68,2017/07/19,16:45:52,-88.159667,30.7074213,173.495,8,
2017/07/20 16:30:22.7299,8.855,0,0,0,0,0,0,0,0,0,0,0,0,0,0,0,0,0,0,0,0,0,0,0,0,0,0,0,0,0,0,0,0,0,0,1012.55,29.99,74,32.6,2017/07/19,16:45:53,-88.1596774,30.70742,170.358,8,
2017/07/20 16:30:22.7455,8.870,0,0,0,0,0,0,0,0,0,0,0,0,0,0,0,0,0,0,0,0,0,0,0,0,0,0,0,0,0,0,0,0,0,0,1012.47,29.93,74.3,32.47,2017/07/19,16:45:54,-88.159686,30.7074195,167.191,8,
2017/07/20 16:30:22.7768,8.902,0,0,0,0,0,0,0,0,0,0,0,0,0,0,0,0,0,0,0,0,0,0,0,0,0,0,0,0,0,0,0,0,0,0,1012.58,29.85,74.4,32.38,2017/07/19,16:45:55,-88.1596901,30.707416,163.224,8,
2017/07/20 16:30:22.8080,8.933,0,0,0,0,0,0,0,0,0,0,0,0,0,0,0,0,0,0,0,0,0,0,0,0,0,0,0,0,0,0,0,0,0,0,1012.74,29.95,74.6,32.34,2017/07/19,16:45:56,-88.1596915,30.7074114,159.429,8,
2017/07/20 16:30:22.8236,8.948,0,0,0,0,0,0,0,0,0,0,0,0,0,0,0,0,0,0,0,0,0,0,0,0,0,0,0,0,0,0,0,0,0,0,1012.72,29.76,63.2,32.25,2017/07/19,16:45:57,-88.1596943,30.7074065,156.036,8,
2017/07/20 16:30:22.8549,8.980,0,0,0,0,0,0,0,0,0,0,0,0,0,0,0,0,0,0,0,0,0,0,0,0,0,0,0,0,0,0,0,0,0,0,1012.98,29.85,61.1,32.17,2017/07/19,16:45:58,-88.1597222,30.7074066,151.003,8,
2017/07/20 16:30:22.8862,9.011,0,0,0,0,0,0,0,0,0,0,0,0,0,0,0,0,0,0,0,0,0,0,0,0,0,0,0,0,0,0,0,0,0,0,1012.87,29.94,67.7,32.34,2017/07/19,16:45:59,-88.159752,30.7074127,146.85,8,
2017/07/20 16:30:22.9018,9.027,0,0,0,0,0,0,0,0,0,0,0,0,0,0,0,0,0,0,0,0,0,0,0,0,0,0,0,0,0,0,0,0,0,0,1012.92,29.93,67.9,32.6,2017/07/19,16:46:00,-88.1597659,30.7074226,145.168,8,
2017/07/20 16:30:22.9330,9.058,0,0,0,0,0,0,0,0,0,0,0,0,0,0,0,0,0,0,0,0,0,0,0,0,0,0,0,0,0,0,0,0,0,0,1013.04,29.95,68.8,32.68,2017/07/19,16:46:01,-88.1597836,30.7074394,142.886,8,
2017/07/20 16:30:22.9643,9.089,0,0,0,0,0,0,0,0,0,0,0,0,0,0,0,0,0,0,0,0,0,0,0,0,0,0,0,0,0,0,0,0,0,0,1013.04,30.02,74.2,32.64,2017/07/19,16:46:02,-88.1598171,30.7074558,139.114,8,
2017/07/20 16:30:22.9799,9.105,0,0,0,0,0,0,0,0,0,0,0,0,0,0,0,0,0,0,0,0,0,0,0,0,0,0,0,0,0,0,0,0,0,0,1013.18,30.06,74.2,32.64,2017/07/19,16:46:03,-88.1598547,30.7074595,134.045,8,
2017/07/20 16:30:23.0112,9.136,0,0,0,0,0,0,0,0,0,0,0,0,0,0,0,0,0,0,0,0,0,0,0,0,0,0,0,0,0,0,0,0,0,0,1013.22,30.04,70.7,32.51,2017/07/19,16:46:04,-88.1598801,30.7074565,130.573,8,
2017/07/20 16:30:23.0424,9.167,0,0,0,0,0,0,0,0,0,0,0,0,0,0,0,0,0,0,0,0,0,0,0,0,0,0,0,0,0,0,0,0,0,0,1013.36,30.06,70.9,32.55,2017/07/19,16:46:05,-88.1599044,30.7074563,127.474,8,
2017/07/20 16:30:23.0580,9.183,0,0,0,0,0,0,0,0,0,0,0,0,0,0,0,0,0,0,0,0,0,0,0,0,0,0,0,0,0,0,0,0,0,0,1013.6,30.03,71.4,32.73,2017/07/19,16:46:06,-88.1599214,30.7074556,125.252,8,
2017/07/20 16:30:23.0893,9.214,0,0,0,0,0,0,0,0,0,0,0,0,0,0,0,0,0,0,0,0,0,0,0,0,0,0,0,0,0,0,0,0,0,0,1013.49,30.05,72.9,32.73,2017/07/19,16:46:07,-88.1599408,30.7074572,122.356,8,
2017/07/20 16:30:23.1205,9.245,0,0,0,0,0,0,0,0,0,0,0,0,0,0,0,0,0,0,0,0,0,0,0,0,0,0,0,0,0,0,0,0,0,0,1013.55,30.01,70.4,32.68,2017/07/19,16:46:08,-88.159955,30.7074577,119.929,8,
2017/07/20 16:30:23.1362,9.261,0,0,0,0,0,0,0,0,0,0,0,0,0,0,0,0,0,0,0,0,0,0,0,0,0,0,0,0,0,0,0,0,0,0,1013.84,30.12,68.8,32.08,2017/07/19,16:46:09,-88.1599806,30.7074633,115.781,8,
2017/07/20 16:30:23.1674,9.292,0,0,0,0,0,0,0,0,0,0,0,0,0,0,0,0,0,0,0,0,0,0,0,0,0,0,0,0,0,0,0,0,0,0,1013.79,30.12,70.1,32.21,2017/07/19,16:46:10,-88.1599979,30.7074661,113.222,8,
2017/07/20 16:30:23.1987,9.323,0,0,0,0,0,0,0,0,0,0,0,0,0,0,0,0,0,0,0,0,0,0,0,0,0,0,0,0,0,0,0,0,0,0,1013.8,30.16,70.8,32.34,2017/07/19,16:46:11,-88.1600075,30.7074631,111.958,8,
2017/07/20 16:30:23.2143,9.339,0,0,0,0,0,0,0,0,0,0,0,0,0,0,0,0,0,0,0,0,0,0,0,0,0,0,0,0,0,0,0,0,0,0,1013.94,30.24,74.9,32.34,2017/07/19,16:46:12,-88.1600312,30.7074618,108.792,8,
2017/07/20 16:30:23.2455,9.370,0,0,0,0,0,0,0,0,0,0,0,0,0,0,0,0,0,0,0,0,0,0,0,0,0,0,0,0,0,0,0,0,0,0,1014.1,30.14,70.8,32.21,2017/07/19,16:46:13,-88.1600489,30.7074594,105.733,8,
2017/07/20 16:30:23.2768,9.402,0,0,0,0,0,0,0,0,0,0,0,0,0,0,0,0,0,0,0,0,0,0,0,0,0,0,0,0,0,0,0,0,0,0,1014.14,30.06,70.8,32.25,2017/07/19,16:46:14,-88.1600611,30.7074588,102.981,8,
2017/07/20 16:30:23.2924,9.417,0,0,0,0,0,0,0,0,0,0,0,0,0,0,0,0,0,0,0,0,0,0,0,0,0,0,0,0,0,0,0,0,0,0,1014.08,30.12,70.6,32.34,2017/07/19,16:46:15,-88.1600653,30.7074596,101.216,8,
2017/07/20 16:30:23.3080,9.433,0,0,0,0,0,0,0,0,0,0,0,0,0,0,0,0,0,0,0,0,0,0,0,0,0,0,0,0,0,0,0,0,0,0,1014.35,30.12,70.8,32.47,2017/07/19,16:46:16,-88.1600814,30.7074628,97.953,8,
2017/07/20 16:30:23.3393,9.464,0,0,0,0,0,0,0,0,0,0,0,0,0,0,0,0,0,0,0,0,0,0,0,0,0,0,0,0,0,0,0,0,0,0,1014.47,30.12,70.7,32.6,2017/07/19,16:46:17,-88.1600998,30.7074674,95.068,8,
2017/07/20 16:30:23.3705,9.495,0,0,0,0,0,0,0,0,0,0,0,0,0,0,0,0,0,0,0,0,0,0,0,0,0,0,0,0,0,0,0,0,0,0,1014.58,30.13,72.9,32.81,2017/07/19,16:46:18,-88.1601133,30.7074701,92.672,8,
2017/07/20 16:30:23.4018,9.527,0,0,0,0,0,0,0,0,0,0,0,0,0,0,0,0,0,0,0,0,0,0,0,0,0,0,0,0,0,0,0,0,0,0,1014.69,30.2,72.8,32.73,2017/07/19,16:46:19,-88.160118,30.7074703,91.115,8,
2017/07/20 16:30:23.4174,9.542,0,0,0,0,0,0,0,0,0,0,0,0,0,0,0,0,0,0,0,0,0,0,0,0,0,0,0,0,0,0,0,0,0,0,1014.67,30.26,70.5,32.68,2017/07/19,16:46:20,-88.1601216,30.7074702,89.676,8,
2017/07/20 16:30:23.4487,9.573,0,0,0,0,0,0,0,0,0,0,0,0,0,0,0,0,0,0,0,0,0,0,0,0,0,0,0,0,0,0,0,0,0,0,1015.02,30.2,70.4,32.77,2017/07/19,16:46:21,-88.1601327,30.7074714,87.386,8,
2017/07/20 16:30:23.4799,9.605,0,0,0,0,0,0,0,0,0,0,0,0,0,0,0,0,0,0,0,0,0,0,0,0,0,0,0,0,0,0,0,0,0,0,1015.05,30.22,70.6,32.85,2017/07/19,16:46:22,-88.160146,30.7074736,85.666,8,
2017/07/20 16:30:23.4955,9.620,0,0,0,0,0,0,0,0,0,0,0,0,0,0,0,0,0,0,0,0,0,0,0,0,0,0,0,0,0,0,0,0,0,0,1015.02,30.33,72.4,32.77,2017/07/19,16:46:23,-88.1601713,30.7074799,82.305,8,
2017/07/20 16:30:23.5268,9.652,0,0,0,0,0,0,0,0,0,0,0,0,0,0,0,0,0,0,0,0,0,0,0,0,0,0,0,0,0,0,0,0,0,0,1015.01,30.28,70.7,32.94,2017/07/19,16:46:24,-88.1601884,30.7074835,79.821,8,
2017/07/20 16:30:23.5580,9.683,0,0,0,0,0,0,0,0,0,0,0,0,0,0,0,0,0,0,0,0,0,0,0,0,0,0,0,0,0,0,0,0,0,0,1015.07,30.24,70.2,33.03,2017/07/19,16:46:25,-88.1601942,30.7074869,78.633,8,
2017/07/20 16:30:23.5736,9.698,0,0,0,0,0,0,0,0,0,0,0,0,0,0,0,0,0,0,0,0,0,0,0,0,0,0,0,0,0,0,0,0,0,0,1015.2,30.33,70.1,33.07,2017/07/19,16:46:26,-88.1601941,30.7074917,78.228,8,
2017/07/20 16:30:23.6049,9.730,0,0,0,0,0,0,0,0,0,0,0,0,0,0,0,0,0,0,0,0,0,0,0,0,0,0,0,0,0,0,0,0,0,0,1015.49,30.33,70.8,33.03,2017/07/19,16:46:27,-88.1602064,30.7074997,75.825,8,
2017/07/20 16:30:23.6362,9.761,0,0,0,0,0,0,0,0,0,0,0,0,0,0,0,0,0,0,0,0,0,0,0,0,0,0,0,0,0,0,0,0,0,0,1015.37,30.4,73.2,33.2,2017/07/19,16:46:28,-88.1602183,30.7075045,73.488,8,
2017/07/20 16:30:23.6518,9.777,0,0,0,0,0,0,0,0,0,0,0,0,0,0,0,0,0,0,0,0,0,0,0,0,0,0,0,0,0,0,0,0,0,0,1015.72,30.3,70.8,33.24,2017/07/19,16:46:29,-88.1602268,30.7075074,71.875,8,
2017/07/20 16:30:23.6830,9.808,0,0,0,0,0,0,0,0,0,0,0,0,0,0,0,0,0,0,0,0,0,0,0,0,0,0,0,0,0,0,0,0,0,0,1015.54,30.47,71,33.41,2017/07/19,16:46:30,-88.1602275,30.7075051,70.633,8,
2017/07/20 16:30:23.7143,9.839,0,0,0,0,0,0,0,0,0,0,0,0,0,0,0,0,0,0,0,0,0,0,0,0,0,0,0,0,0,0,0,0,0,0,1015.87,30.57,72.5,33.63,2017/07/19,16:46:31,-88.160231,30.7075017,69.593,8,
2017/07/20 16:30:23.7299,9.855,0,0,0,0,0,0,0,0,0,0,0,0,0,0,0,0,0,0,0,0,0,0,0,0,0,0,0,0,0,0,0,0,0,0,1015.95,30.61,72.6,33.75,2017/07/19,16:46:32,-88.1602403,30.7075017,68.116,8,
2017/07/20 16:30:23.7612,9.886,0,0,0,0,0,0,0,0,0,0,0,0,0,0,0,0,0,0,0,0,0,0,0,0,0,0,0,0,0,0,0,0,0,0,1015.85,30.61,70.8,34.06,2017/07/19,16:46:33,-88.1602569,30.7075039,64.955,8,
2017/07/20 16:30:23.7924,9.917,0,0,0,0,0,0,0,0,0,0,0,0,0,0,0,0,0,0,0,0,0,0,0,0,0,0,0,0,0,0,0,0,0,0,1016.01,30.71,70.9,34.31,2017/07/19,16:46:34,-88.1602616,30.7075031,63.737,8,
2017/07/20 16:30:23.8080,9.933,0,0,0,0,0,0,0,0,0,0,0,0,0,0,0,0,0,0,0,0,0,0,0,0,0,0,0,0,0,0,0,0,0,0,1016.04,30.75,70.6,34.4,2017/07/19,16:46:35,-88.1602712,30.7075017,62.069,9,
2017/07/20 16:30:23.8393,9.964,0,0,0,0,0,0,0,0,0,0,0,0,0,0,0,0,0,0,0,0,0,0,0,0,0,0,0,0,0,0,0,0,0,0,1016.16,30.67,70.3,34.53,2017/07/19,16:46:36,-88.1602852,30.7075009,59.517,9,
2017/07/20 16:30:23.8705,9.995,0,0,0,0,0,0,0,0,0,0,0,0,0,0,0,0,0,0,0,0,0,0,0,0,0,0,0,0,0,0,0,0,0,0,1016.25,30.66,71.2,34.53,2017/07/19,16:46:37,-88.1603053,30.7075013,56.542,9,
2017/07/20 16:30:23.8862,10.011,0,0,0,0,0,0,0,0,0,0,0,0,0,0,0,0,0,0,0,0,0,0,0,0,0,0,0,0,0,0,0,0,0,0,1016.42,30.59,72.4,34.4,2017/07/19,16:46:38,-88.1603157,30.7075009,54.767,9,
2017/07/20 16:30:23.9174,10.042,0,0,0,0,0,0,0,0,0,0,0,0,0,0,0,0,0,0,0,0,0,0,0,0,0,0,0,0,0,0,0,0,0,0,1016.56,30.71,72,34.48,2017/07/19,16:46:39,-88.1603234,30.7074998,53.218,9,
2017/07/20 16:30:23.9487,10.074,0,0,0,0,0,0,0,0,0,0,0,0,0,0,0,0,0,0,0,0,0,0,0,0,0,0,0,0,0,0,0,0,0,0,1016.46,30.58,70.1,34.44,2017/07/19,16:46:40,-88.1603265,30.7074974,52.089,9,
2017/07/20 16:30:23.9643,10.089,0,0,0,0,0,0,0,0,0,0,0,0,0,0,0,0,0,0,0,0,0,0,0,0,0,0,0,0,0,0,0,0,0,0,1016.66,30.69,70.3,34.7,2017/07/19,16:46:41,-88.1603366,30.7074961,49.746,9,
2017/07/20 16:30:23.9955,10.120,0,0,0,0,0,0,0,0,0,0,0,0,0,0,0,0,0,0,0,0,0,0,0,0,0,0,0,0,0,0,0,0,0,0,1016.56,30.9,71.2,35,2017/07/19,16:46:42,-88.1603363,30.7074947,48.844,9,
2017/07/20 16:30:24.0268,10.152,0,0,0,0,0,0,0,0,0,0,0,0,0,0,0,0,0,0,0,0,0,0,0,0,0,0,0,0,0,0,0,0,0,0,1016.69,30.95,71,35.08,2017/07/19,16:46:43,-88.1603429,30.7074953,47.553,9,
2017/07/20 16:30:24.0424,10.167,0,0,0,0,0,0,0,0,0,0,0,0,0,0,0,0,0,0,0,0,0,0,0,0,0,0,0,0,0,0,0,0,0,0,1016.87,30.85,70.4,35.26,2017/07/19,16:46:44,-88.1603538,30.7074988,45.75,9,
2017/07/20 16:30:24.0736,10.198,0,0,0,0,0,0,0,0,0,0,0,0,0,0,0,0,0,0,0,0,0,0,0,0,0,0,0,0,0,0,0,0,0,0,1016.89,30.96,70.2,35.39,2017/07/19,16:46:45,-88.1603549,30.7074994,44.666,9,
2017/07/20 16:30:24.1049,10.230,0,0,0,0,0,0,0,0,0,0,0,0,0,0,0,0,0,0,0,0,0,0,0,0,0,0,0,0,0,0,0,0,0,0,1017.02,31,71.1,35.43,2017/07/19,16:46:46,-88.1603585,30.7074974,43.428,9,
2017/07/20 16:30:24.1205,10.245,0,0,0,0,0,0,0,0,0,0,0,0,0,0,0,0,0,0,0,0,0,0,0,0,0,0,0,0,0,0,0,0,0,0,1017.04,30.9,71,33.5,2017/07/19,16:46:47,-88.1603647,30.7074973,42.198,9,
2017/07/20 16:30:24.1518,10.277,0,0,0,0,0,0,0,0,0,0,0,0,0,0,0,0,0,0,0,0,0,0,0,0,0,0,0,0,0,0,0,0,0,0,1017.25,30.84,70.8,35.3,2017/07/19,16:46:48,-88.1603755,30.7074961,40.127,9,
2017/07/20 16:30:24.1830,10.308,0,0,0,0,0,0,0,0,0,0,0,0,0,0,0,0,0,0,0,0,0,0,0,0,0,0,0,0,0,0,0,0,0,0,1017.29,30.94,70.4,35.3,2017/07/19,16:46:49,-88.1603828,30.7074919,38.421,9,
2017/07/20 16:30:24.1987,10.324,0,0,0,0,0,0,0,0,0,0,0,0,0,0,0,0,0,0,0,0,0,0,0,0,0,0,0,0,0,0,0,0,0,0,1017.32,31.1,70.9,33.45,2017/07/19,16:46:50,-88.1603876,30.7074906,36.977,9,
2017/07/20 16:30:24.2299,10.355,0,0,0,0,0,0,0,0,0,0,0,0,0,0,0,0,0,0,0,0,0,0,0,0,0,0,0,0,0,0,0,0,0,0,1017.41,31.4,71.6,33.5,2017/07/19,16:46:51,-88.1603997,30.7074908,34.636,9,
2017/07/20 16:30:24.2612,10.386,0,0,0,0,0,0,0,0,0,0,0,0,0,0,0,0,0,0,0,0,0,0,0,0,0,0,0,0,0,0,0,0,0,0,1017.57,31.77,73,34.1,2017/07/19,16:46:52,-88.1604049,30.7074932,33.42,9,
2017/07/20 16:30:24.2768,10.402,0,0,0,0,0,0,0,0,0,0,0,0,0,0,0,0,0,0,0,0,0,0,0,0,0,0,0,0,0,0,0,0,0,0,1017.85,31.85,74.7,35.21,2017/07/19,16:46:53,-88.1604112,30.7074964,31.955,9,
2017/07/20 16:30:24.3080,10.433,0,0,0,0,0,0,0,0,0,0,0,0,0,0,0,0,0,0,0,0,0,0,0,0,0,0,0,0,0,0,0,0,0,0,1017.79,31.77,75.8,35.34,2017/07/19,16:46:54,-88.1604144,30.7074938,30.965,9,
2017/07/20 16:30:24.3393,10.464,0,0,0,0,0,0,0,0,0,0,0,0,0,0,0,0,0,0,0,0,0,0,0,0,0,0,0,0,0,0,0,0,0,0,1018.24,31.87,73.2,35.08,2017/07/19,16:46:55,-88.1604177,30.7074921,29.574,9,
2017/07/20 16:30:24.3549,10.480,0,0,0,0,0,0,0,0,0,0,0,0,0,0,0,0,0,0,0,0,0,0,0,0,0,0,0,0,0,0,0,0,0,0,1018.25,32.37,75.1,34.36,2017/07/19,16:46:56,-88.1604106,30.7074916,30.064,9,
2017/07/20 16:30:24.3862,10.511,0,0,0,0,0,0,0,0,0,0,0,0,0,0,0,0,0,0,0,0,0,0,0,0,0,0,0,0,0,0,0,0,0,0,1018.07,32.86,75,34.18,2017/07/19,16:46:57,-88.1604078,30.7074921,30.346,9,
2017/07/20 16:30:24.4174,10.542,0,0,0,0,0,0,0,0,0,0,0,0,0,0,0,0,0,0,0,0,0,0,0,0,0,0,0,0,0,0,0,0,0,0,1018.09,32.94,76.5,35.34,2017/07/19,16:46:58,-88.1604032,30.7074921,31.161,9,
2017/07/20 16:30:24.4331,10.558,0,0,0,0,0,0,0,0,0,0,0,0,0,0,0,0,0,0,0,0,0,0,0,0,0,0,0,0,0,0,0,0,0,0,1018.16,33.31,78,35.26,2017/07/19,16:46:59,-88.1604105,30.7074945,30.652,9,
2017/07/20 16:30:24.4643,10.589,0,0,0,0,0,0,0,0,0,0,0,0,0,0,0,0,0,0,0,0,0,0,0,0,0,0,0,0,0,0,0,0,0,0,1018.05,33.66,78.8,35.13,2017/07/19,16:47:00,-88.1604125,30.7074956,30.575,9,
2017/07/20 16:30:24.4799,10.605,0,0,0,0,0,0,0,0,0,0,0,0,0,0,0,0,0,0,0,0,0,0,0,0,0,0,0,0,0,0,0,0,0,0,1018.2,33.95,79.2,35.94,2017/07/19,16:47:01,-88.1604192,30.7074969,29.52,9,
2017/07/20 16:30:24.5112,10.636,0,0,0,0,0,0,0,0,0,0,0,0,0,0,0,0,0,0,0,0,0,0,0,0,0,0,0,0,0,0,0,0,0,0,1018.12,34.03,76.7,37.06,2017/07/19,16:47:02,-88.1604281,30.7074986,28.439,9,
2017/07/20 16:30:24.5424,10.667,0,0,0,0,0,0,0,0,0,0,0,0,0,0,0,0,0,0,0,0,0,0,0,0,0,0,0,0,0,0,0,0,0,0,1018.18,34.15,75.3,38.13,2017/07/19,16:47:03,-88.1604378,30.7075016,27.23,9,
2017/07/20 16:30:24.5581,10.683,0,0,0,0,0,0,0,0,0,0,0,0,0,0,0,0,0,0,0,0,0,0,0,0,0,0,0,0,0,0,0,0,0,0,1018.16,34.22,75.2,36.63,2017/07/19,16:47:04,-88.1604423,30.7075033,26.623,9,
2017/07/20 16:30:24.5893,10.714,0,0,0,0,0,0,0,0,0,0,0,0,0,0,0,0,0,0,0,0,0,0,0,0,0,0,0,0,0,0,0,0,0,0,1018.2,34.23,73.6,37.96,2017/07/19,16:47:05,-88.1604406,30.7075033,26.979,9,
2017/07/20 16:30:24.6206,10.745,0,0,0,0,0,0,0,0,0,0,0,0,0,0,0,0,0,0,0,0,0,0,0,0,0,0,0,0,0,0,0,0,0,0,1018.22,34.34,73.6,36.89,2017/07/19,16:47:06,-88.1604482,30.7075051,26.489,9,
2017/07/20 16:30:24.6362,10.761,0,0,0,0,0,0,0,0,0,0,0,0,0,0,0,0,0,0,0,0,0,0,0,0,0,0,0,0,0,0,0,0,0,0,1018.18,34.3,73.7,37.96,2017/07/19,16:47:07,-88.1604576,30.707507,26.055,9,
2017/07/20 16:30:24.6674,10.792,0,0,0,0,0,0,0,0,0,0,0,0,0,0,0,0,0,0,0,0,0,0,0,0,0,0,0,0,0,0,0,0,0,0,1018.13,34.21,73.5,37.23,2017/07/19,16:47:08,-88.1604646,30.7075089,25.693,9,
2017/07/20 16:30:24.6987,10.824,0,0,0,0,0,0,0,0,0,0,0,0,0,0,0,0,0,0,0,0,0,0,0,0,0,0,0,0,0,0,0,0,0,0,1018.12,33.28,69.5,37.49,2017/07/19,16:47:09,-88.1604647,30.7075024,25.955,8,
2017/07/20 16:30:24.7143,10.839,0,0,0,0,0,0,0,0,0,0,0,0,0,0,0,0,0,0,0,0,0,0,0,0,0,0,0,0,0,0,0,0,0,0,1018.08,33.41,71.8,38.17,2017/07/19,16:47:10,-88.1604628,30.7074978,25.976,8,
2017/07/20 16:30:24.7456,10.870,0,0,0,0,0,0,0,0,0,0,0,0,0,0,0,0,0,0,0,0,0,0,0,0,0,0,0,0,0,0,0,0,0,0,1018.07,33.28,50.1,37.66,2017/07/19,16:47:11,-88.1604652,30.7074883,25.572,8,
2017/07/20 16:30:24.7768,10.902,0,0,0,0,0,0,0,0,0,0,0,0,0,0,0,0,0,0,0,0,0,0,0,0,0,0,0,0,0,0,0,0,0,0,1018.14,32.96,45.8,37.96,2017/07/19,16:47:12,-88.160444,30.707463,28.153,8,
2017/07/20 16:30:24.7924,10.917,0,0,0,0,0,0,0,0,0,0,0,0,0,0,0,0,0,0,0,0,0,0,0,0,0,0,0,0,0,0,0,0,0,0,1018.12,32.58,46.2,37.02,2017/07/19,16:47:13,-88.1604361,30.7074499,28.833,9,
2017/07/20 16:30:24.8237,10.949,0,0,0,0,0,0,0,0,0,0,0,0,0,0,0,0,0,0,0,0,0,0,0,0,0,0,0,0,0,0,0,0,0,0,1018.18,31.97,46,37.7,2017/07/19,16:47:14,-88.1604277,30.7074451,29.231,9,
2017/07/20 16:30:24.8549,10.980,0,0,0,0,0,0,0,0,0,0,0,0,0,0,0,0,0,0,0,0,0,0,0,0,0,0,0,0,0,0,0,0,0,0,1018.31,31.65,48.3,38.09,2017/07/19,16:47:15,-88.1604293,30.7074407,28.74,9,
2017/07/20 16:30:24.8706,10.995,0,0,0,0,0,0,0,0,0,0,0,0,0,0,0,0,0,0,0,0,0,0,0,0,0,0,0,0,0,0,0,0,0,0,1018.37,31.52,48.2,38.17,2017/07/19,16:47:16,-88.1604213,30.7074352,29.51,9,
2017/07/20 16:30:24.9018,11.027,0,0,0,0,0,0,0,0,0,0,0,0,0,0,0,0,0,0,0,0,0,0,0,0,0,0,0,0,0,0,0,0,0,0,1018.24,31.3,48.1,36.84,2017/07/19,16:47:17,-88.1604159,30.7074325,30.026,9,
2017/07/20 16:30:24.9331,11.058,0,0,0,0,0,0,0,0,0,0,0,0,0,0,0,0,0,0,0,0,0,0,0,0,0,0,0,0,0,0,0,0,0,0,1018.32,31.28,46.9,36.46,2017/07/19,16:47:18,-88.1604165,30.7074319,29.678,8,
2017/07/20 16:30:24.9487,11.074,0,0,0,0,0,0,0,0,0,0,0,0,0,0,0,0,0,0,0,0,0,0,0,0,0,0,0,0,0,0,0,0,0,0,1018.2,31.24,47.9,36.63,2017/07/19,16:47:19,-88.1604213,30.7074286,29.119,8,
2017/07/20 16:30:24.9799,11.105,0,0,0,0,0,0,0,0,0,0,0,0,0,0,0,0,0,0,0,0,0,0,0,0,0,0,0,0,0,0,0,0,0,0,1018.29,31.28,47.7,38,2017/07/19,16:47:20,-88.16042,30.707427,29.42,9,
2017/07/20 16:30:25.0112,11.136,0,0,0,0,0,0,0,0,0,0,0,0,0,0,0,0,0,0,0,0,0,0,0,0,0,0,0,0,0,0,0,0,0,0,1018.32,31.14,48.9,37.49,2017/07/19,16:47:21,-88.1604174,30.7074268,29.55,9,
2017/07/20 16:30:25.0268,11.152,0,0,0,0,0,0,0,0,0,0,0,0,0,0,0,0,0,0,0,0,0,0,0,0,0,0,0,0,0,0,0,0,0,0,1018.25,31.24,50.3,37.06,2017/07/19,16:47:22,-88.1604195,30.7074258,28.679,9,
2017/07/20 16:30:25.0581,11.183,0,0,0,0,0,0,0,0,0,0,0,0,0,0,0,0,0,0,0,0,0,0,0,0,0,0,0,0,0,0,0,0,0,0,1018.25,31.1,52,36.76,2017/07/19,16:47:23,-88.1604171,30.7074215,28.668,9,
2017/07/20 16:30:25.0893,11.214,0,0,0,0,0,0,0,0,0,0,0,0,0,0,0,0,0,0,0,0,0,0,0,0,0,0,0,0,0,0,0,0,0,0,1018.23,31.02,51.1,35.94,2017/07/19,16:47:24,-88.1604163,30.7074209,28.832,9,
2017/07/20 16:30:25.1049,11.230,0,0,0,0,0,0,0,0,0,0,0,0,0,0,0,0,0,0,0,0,0,0,0,0,0,0,0,0,0,0,0,0,0,0,1018.28,31.22,50.7,35.6,2017/07/19,16:47:25,-88.1604189,30.7074255,28.325,9,
2017/07/20 16:30:25.1362,11.261,0,0,0,0,0,0,0,0,0,0,0,0,0,0,0,0,0,0,0,0,0,0,0,0,0,0,0,0,0,0,0,0,0,0,1018.3,31.1,51.8,35.39,2017/07/19,16:47:26,-88.1604171,30.7074279,28.333,7,
2017/07/20 16:30:25.1674,11.292,0,0,0,0,0,0,0,0,0,0,0,0,0,0,0,0,0,0,0,0,0,0,0,0,0,0,0,0,0,0,0,0,0,0,1018.25,31.16,52.7,34.87,2017/07/19,16:47:27,-88.1604244,30.7074299,27.578,7,
2017/07/20 16:30:25.1831,11.308,0,0,0,0,0,0,0,0,0,0,0,0,0,0,0,0,0,0,0,0,0,0,0,0,0,0,0,0,0,0,0,0,0,0,1018.39,31.04,53.5,35.13,2017/07/19,16:47:28,-88.1604265,30.7074326,27.746,7,
2017/07/20 16:30:25.2143,11.339,0,0,0,0,0,0,0,0,0,0,0,0,0,0,0,0,0,0,0,0,0,0,0,0,0,0,0,0,0,0,0,0,0,0,1018.31,31.02,53.9,35.43,2017/07/19,16:47:29,-88.1604313,30.7074366,27.98,7,
2017/07/20 16:30:25.2456,11.370,0,0,0,0,0,0,0,0,0,0,0,0,0,0,0,0,0,0,0,0,0,0,0,0,0,0,0,0,0,0,0,0,0,0,1018.3,31.34,54.5,35,2017/07/19,16:47:30,-88.1604363,30.7074414,27.848,6,
2017/07/20 16:30:25.2612,11.386,0,0,0,0,0,0,0,0,0,0,0,0,0,0,0,0,0,0,0,0,0,0,0,0,0,0,0,0,0,0,0,0,0,0,1018.37,31.48,55.4,34.83,2017/07/19,16:47:31,-88.1604373,30.7074452,27.707,8,
2017/07/20 16:30:25.2924,11.417,0,0,0,0,0,0,0,0,0,0,0,0,0,0,0,0,0,0,0,0,0,0,0,0,0,0,0,0,0,0,0,0,0,0,1018.28,31.59,54.8,34.96,2017/07/19,16:47:32,-88.1604344,30.7074483,27.992,8,
2017/07/20 16:30:25.3237,11.449,0,0,0,0,0,0,0,0,0,0,0,0,0,0,0,0,0,0,0,0,0,0,0,0,0,0,0,0,0,0,0,0,0,0,1018.27,31.69,55.4,35.47,2017/07/19,16:47:33,-88.1604329,30.7074508,28.616,8,
